{
  "backbone": "efficientnet_b4",
  "last_completed_fold": 2,
  "fold_metrics": [
    {
      "backbone": "efficientnet_b4",
      "split": "cv_fold1",
      "accuracy": 0.9956896551724138,
      "macro_f1": 0.9955967289986848,
      "weighted_f1": 0.9956970498281482,
      "macro_precision": 0.9950980392156863,
      "macro_recall": 0.9962121212121212,
      "cohen_kappa": 0.9947139374330698,
      "macro_auc": 0.9998223440434496,
      "per_class_f1": {
        "Arjun Leaf": 1.0,
        "Curry Leaf": 0.9850746268656716,
        "Marsh Pennywort Leaf": 1.0,
        "Mint Leaf": 0.9885057471264368,
        "Neem Leaf": 1.0,
        "Rubble Leaf": 1.0
      },
      "per_class_acc": {
        "Arjun Leaf": 1.0,
        "Curry Leaf": 1.0,
        "Marsh Pennywort Leaf": 1.0,
        "Mint Leaf": 0.9772727272727273,
        "Neem Leaf": 1.0,
        "Rubble Leaf": 1.0
      },
      "per_class_auc": {
        "Arjun Leaf": 1.0,
        "Curry Leaf": 0.9989340642606974,
        "Marsh Pennywort Leaf": 1.0,
        "Mint Leaf": 1.0,
        "Neem Leaf": 1.0,
        "Rubble Leaf": 1.0
      },
      "ci_macro_f1": [0.9850186336723207, 1.0],
      "ci_accuracy": [0.9870689655172413, 1.0],
      "ci_kappa": [0.983927457415551, 1.0],
      "neem_test_count": 14,
      "neem_f1": 1.0,
      "fold": 1
    },
    {
      "backbone": "efficientnet_b4",
      "split": "cv_fold2",
      "accuracy": 0.9741379310344828,
      "macro_f1": 0.9739159891598916,
      "weighted_f1": 0.9742693439865433,
      "macro_precision": 0.9743589743589745,
      "macro_recall": 0.9772727272727272,
      "cohen_kappa": 0.9683233205898416,
      "macro_auc": 0.9994670321303487,
      "per_class_f1": {
        "Arjun Leaf": 1.0,
        "Curry Leaf": 0.9166666666666666,
        "Marsh Pennywort Leaf": 1.0,
        "Mint Leaf": 0.926829268292683,
        "Neem Leaf": 1.0,
        "Rubble Leaf": 1.0
      },
      "per_class_acc": {
        "Arjun Leaf": 1.0,
        "Curry Leaf": 1.0,
        "Marsh Pennywort Leaf": 1.0,
        "Mint Leaf": 0.8636363636363636,
        "Neem Leaf": 1.0,
        "Rubble Leaf": 1.0
      },
      "per_class_auc": {
        "Arjun Leaf": 1.0,
        "Curry Leaf": 0.9968021927820923,
        "Marsh Pennywort Leaf": 1.0,
        "Mint Leaf": 1.0,
        "Neem Leaf": 1.0,
        "Rubble Leaf": 1.0
      },
      "ci_macro_f1": [0.9505484625067434, 0.9916287807372366],
      "ci_accuracy": [0.9525862068965517, 0.9913793103448276],
      "ci_kappa": [0.9415569205200646, 0.9894720121319597],
      "neem_test_count": 14,
      "neem_f1": 1.0,
      "fold": 2
    }
  ],
  "timestamp": "20260519_000000"
}
