{
  "backbone": "efficientnet_b4",
  "split": "cv_fold1",
  "accuracy": 0.9956896551724138,
  "macro_f1": 0.9955967289986848,
  "weighted_f1": 0.9956970498281482,
  "macro_precision": 0.9950980392156863,
  "macro_recall": 0.9962121212121212,
  "cohen_kappa": 0.9947139374330698,
  "macro_auc": 0.9998223440434496,
  "per_class_f1": {
    "Arjun Leaf": 1.0,
    "Curry Leaf": 0.9850746268656716,
    "Marsh Pennywort Leaf": 1.0,
    "Mint Leaf": 0.9885057471264368,
    "Neem Leaf": 1.0,
    "Rubble Leaf": 1.0
  },
  "per_class_acc": {
    "Arjun Leaf": 1.0,
    "Curry Leaf": 1.0,
    "Marsh Pennywort Leaf": 1.0,
    "Mint Leaf": 0.9772727272727273,
    "Neem Leaf": 1.0,
    "Rubble Leaf": 1.0
  },
  "per_class_auc": {
    "Arjun Leaf": 1.0,
    "Curry Leaf": 0.9989340642606974,
    "Marsh Pennywort Leaf": 1.0,
    "Mint Leaf": 1.0,
    "Neem Leaf": 1.0,
    "Rubble Leaf": 1.0
  },
  "ci_macro_f1": [
    0.9850186336723207,
    1.0
  ],
  "ci_accuracy": [
    0.9870689655172413,
    1.0
  ],
  "ci_kappa": [
    0.983927457415551,
    1.0
  ],
  "neem_test_count": 14,
  "neem_f1": 1.0,
  "confusion_matrix": [
    [
      44,
      0,
      0,
      0,
      0,
      0
    ],
    [
      0,
      33,
      0,
      0,
      0,
      0
    ],
    [
      0,
      0,
      42,
      0,
      0,
      0
    ],
    [
      0,
      1,
      0,
      43,
      0,
      0
    ],
    [
      0,
      0,
      0,
      0,
      14,
      0
    ],
    [
      0,
      0,
      0,
      0,
      0,
      55
    ]
  ],
  "confusion_matrix_normalized": [
    [
      1.0,
      0.0,
      0.0,
      0.0,
      0.0,
      0.0
    ],
    [
      0.0,
      1.0,
      0.0,
      0.0,
      0.0,
      0.0
    ],
    [
      0.0,
      0.0,
      1.0,
      0.0,
      0.0,
      0.0
    ],
    [
      0.0,
      0.022727272727272728,
      0.0,
      0.9772727272727273,
      0.0,
      0.0
    ],
    [
      0.0,
      0.0,
      0.0,
      0.0,
      1.0,
      0.0
    ],
    [
      0.0,
      0.0,
      0.0,
      0.0,
      0.0,
      1.0
    ]
  ]
}