{
  "backbone": "efficientnet_b4",
  "split": "cv_fold4",
  "accuracy": 0.9913793103448276,
  "macro_f1": 0.9878893423819156,
  "weighted_f1": 0.9913855528100173,
  "macro_precision": 0.9839869281045752,
  "macro_recall": 0.9924242424242425,
  "cohen_kappa": 0.9894350964275143,
  "macro_auc": 0.999923861732907,
  "per_class_f1": {
    "Arjun Leaf": 1.0,
    "Curry Leaf": 0.9850746268656716,
    "Marsh Pennywort Leaf": 1.0,
    "Mint Leaf": 0.9767441860465116,
    "Neem Leaf": 0.9655172413793104,
    "Rubble Leaf": 1.0
  },
  "per_class_acc": {
    "Arjun Leaf": 1.0,
    "Curry Leaf": 1.0,
    "Marsh Pennywort Leaf": 1.0,
    "Mint Leaf": 0.9545454545454546,
    "Neem Leaf": 1.0,
    "Rubble Leaf": 1.0
  },
  "per_class_auc": {
    "Arjun Leaf": 1.0,
    "Curry Leaf": 0.9995431703974418,
    "Marsh Pennywort Leaf": 1.0,
    "Mint Leaf": 1.0,
    "Neem Leaf": 1.0,
    "Rubble Leaf": 1.0
  },
  "ci_macro_f1": [
    0.9656322229184072,
    1.0
  ],
  "ci_accuracy": [
    0.978448275862069,
    1.0
  ],
  "ci_kappa": [
    0.9734258691934925,
    1.0
  ],
  "neem_test_count": 14,
  "neem_f1": 0.9655172413793104,
  "confusion_matrix": [
    [
      44,
      0,
      0,
      0,
      0,
      0
    ],
    [
      0,
      33,
      0,
      0,
      0,
      0
    ],
    [
      0,
      0,
      42,
      0,
      0,
      0
    ],
    [
      0,
      1,
      0,
      42,
      1,
      0
    ],
    [
      0,
      0,
      0,
      0,
      14,
      0
    ],
    [
      0,
      0,
      0,
      0,
      0,
      55
    ]
  ],
  "confusion_matrix_normalized": [
    [
      1.0,
      0.0,
      0.0,
      0.0,
      0.0,
      0.0
    ],
    [
      0.0,
      1.0,
      0.0,
      0.0,
      0.0,
      0.0
    ],
    [
      0.0,
      0.0,
      1.0,
      0.0,
      0.0,
      0.0
    ],
    [
      0.0,
      0.022727272727272728,
      0.0,
      0.9545454545454546,
      0.022727272727272728,
      0.0
    ],
    [
      0.0,
      0.0,
      0.0,
      0.0,
      1.0,
      0.0
    ],
    [
      0.0,
      0.0,
      0.0,
      0.0,
      0.0,
      1.0
    ]
  ]
}