{
  "backbone": "efficientnet_b4",
  "split": "cv_fold3",
  "accuracy": 0.9655172413793104,
  "macro_f1": 0.9493066878492691,
  "weighted_f1": 0.9672569851409427,
  "macro_precision": 0.9401960784313727,
  "macro_recall": 0.9684343434343434,
  "cohen_kappa": 0.9578842270076471,
  "macro_auc": 0.9993050695666167,
  "per_class_f1": {
    "Arjun Leaf": 0.9647058823529412,
    "Curry Leaf": 0.9552238805970149,
    "Marsh Pennywort Leaf": 1.0,
    "Mint Leaf": 0.9523809523809523,
    "Neem Leaf": 0.8235294117647058,
    "Rubble Leaf": 1.0
  },
  "per_class_acc": {
    "Arjun Leaf": 0.9318181818181818,
    "Curry Leaf": 0.9696969696969697,
    "Marsh Pennywort Leaf": 1.0,
    "Mint Leaf": 0.9090909090909091,
    "Neem Leaf": 1.0,
    "Rubble Leaf": 1.0
  },
  "per_class_auc": {
    "Arjun Leaf": 1.0,
    "Curry Leaf": 0.996193086645348,
    "Marsh Pennywort Leaf": 1.0,
    "Mint Leaf": 0.999637330754352,
    "Neem Leaf": 1.0,
    "Rubble Leaf": 1.0
  },
  "ci_macro_f1": [
    0.9114556190083707,
    0.981722825324445
  ],
  "ci_accuracy": [
    0.9396551724137931,
    0.9870689655172413
  ],
  "ci_kappa": [
    0.9272095220594362,
    0.9841436819251896
  ],
  "neem_test_count": 14,
  "neem_f1": 0.8235294117647058,
  "confusion_matrix": [
    [
      41,
      0,
      0,
      0,
      3,
      0
    ],
    [
      0,
      32,
      0,
      0,
      1,
      0
    ],
    [
      0,
      0,
      42,
      0,
      0,
      0
    ],
    [
      0,
      2,
      0,
      40,
      2,
      0
    ],
    [
      0,
      0,
      0,
      0,
      14,
      0
    ],
    [
      0,
      0,
      0,
      0,
      0,
      55
    ]
  ],
  "confusion_matrix_normalized": [
    [
      0.9318181818181818,
      0.0,
      0.0,
      0.0,
      0.06818181818181818,
      0.0
    ],
    [
      0.0,
      0.9696969696969697,
      0.0,
      0.0,
      0.030303030303030304,
      0.0
    ],
    [
      0.0,
      0.0,
      1.0,
      0.0,
      0.0,
      0.0
    ],
    [
      0.0,
      0.045454545454545456,
      0.0,
      0.9090909090909091,
      0.045454545454545456,
      0.0
    ],
    [
      0.0,
      0.0,
      0.0,
      0.0,
      1.0,
      0.0
    ],
    [
      0.0,
      0.0,
      0.0,
      0.0,
      0.0,
      1.0
    ]
  ]
}