{
  "backbone": "efficientnet_b4",
  "n_folds": 5,
  "fold_metrics": [
    {
      "backbone": "efficientnet_b4",
      "split": "cv_fold1",
      "accuracy": 0.9956896551724138,
      "macro_f1": 0.9955967289986848,
      "weighted_f1": 0.9956970498281482,
      "macro_precision": 0.9950980392156863,
      "macro_recall": 0.9962121212121212,
      "cohen_kappa": 0.9947139374330698,
      "macro_auc": 0.9998223440434496,
      "per_class_f1": {
        "Arjun Leaf": 1.0,
        "Curry Leaf": 0.9850746268656716,
        "Marsh Pennywort Leaf": 1.0,
        "Mint Leaf": 0.9885057471264368,
        "Neem Leaf": 1.0,
        "Rubble Leaf": 1.0
      },
      "per_class_acc": {
        "Arjun Leaf": 1.0,
        "Curry Leaf": 1.0,
        "Marsh Pennywort Leaf": 1.0,
        "Mint Leaf": 0.9772727272727273,
        "Neem Leaf": 1.0,
        "Rubble Leaf": 1.0
      },
      "per_class_auc": {
        "Arjun Leaf": 1.0,
        "Curry Leaf": 0.9989340642606974,
        "Marsh Pennywort Leaf": 1.0,
        "Mint Leaf": 1.0,
        "Neem Leaf": 1.0,
        "Rubble Leaf": 1.0
      },
      "ci_macro_f1": [
        0.9850186336723207,
        1.0
      ],
      "ci_accuracy": [
        0.9870689655172413,
        1.0
      ],
      "ci_kappa": [
        0.983927457415551,
        1.0
      ],
      "neem_test_count": 14,
      "neem_f1": 1.0,
      "fold": 1
    },
    {
      "backbone": "efficientnet_b4",
      "split": "cv_fold2",
      "accuracy": 0.9741379310344828,
      "macro_f1": 0.9739159891598916,
      "weighted_f1": 0.9742693439865433,
      "macro_precision": 0.9743589743589745,
      "macro_recall": 0.9772727272727272,
      "cohen_kappa": 0.9683233205898416,
      "macro_auc": 0.9994670321303487,
      "per_class_f1": {
        "Arjun Leaf": 1.0,
        "Curry Leaf": 0.9166666666666666,
        "Marsh Pennywort Leaf": 1.0,
        "Mint Leaf": 0.926829268292683,
        "Neem Leaf": 1.0,
        "Rubble Leaf": 1.0
      },
      "per_class_acc": {
        "Arjun Leaf": 1.0,
        "Curry Leaf": 1.0,
        "Marsh Pennywort Leaf": 1.0,
        "Mint Leaf": 0.8636363636363636,
        "Neem Leaf": 1.0,
        "Rubble Leaf": 1.0
      },
      "per_class_auc": {
        "Arjun Leaf": 1.0,
        "Curry Leaf": 0.9968021927820923,
        "Marsh Pennywort Leaf": 1.0,
        "Mint Leaf": 1.0,
        "Neem Leaf": 1.0,
        "Rubble Leaf": 1.0
      },
      "ci_macro_f1": [
        0.9505484625067434,
        0.9916287807372366
      ],
      "ci_accuracy": [
        0.9525862068965517,
        0.9913793103448276
      ],
      "ci_kappa": [
        0.9415569205200646,
        0.9894720121319597
      ],
      "neem_test_count": 14,
      "neem_f1": 1.0,
      "fold": 2
    },
    {
      "backbone": "efficientnet_b4",
      "split": "cv_fold3",
      "accuracy": 0.9655172413793104,
      "macro_f1": 0.9493066878492691,
      "weighted_f1": 0.9672569851409427,
      "macro_precision": 0.9401960784313727,
      "macro_recall": 0.9684343434343434,
      "cohen_kappa": 0.9578842270076471,
      "macro_auc": 0.9993050695666167,
      "per_class_f1": {
        "Arjun Leaf": 0.9647058823529412,
        "Curry Leaf": 0.9552238805970149,
        "Marsh Pennywort Leaf": 1.0,
        "Mint Leaf": 0.9523809523809523,
        "Neem Leaf": 0.8235294117647058,
        "Rubble Leaf": 1.0
      },
      "per_class_acc": {
        "Arjun Leaf": 0.9318181818181818,
        "Curry Leaf": 0.9696969696969697,
        "Marsh Pennywort Leaf": 1.0,
        "Mint Leaf": 0.9090909090909091,
        "Neem Leaf": 1.0,
        "Rubble Leaf": 1.0
      },
      "per_class_auc": {
        "Arjun Leaf": 1.0,
        "Curry Leaf": 0.996193086645348,
        "Marsh Pennywort Leaf": 1.0,
        "Mint Leaf": 0.999637330754352,
        "Neem Leaf": 1.0,
        "Rubble Leaf": 1.0
      },
      "ci_macro_f1": [
        0.9114556190083707,
        0.981722825324445
      ],
      "ci_accuracy": [
        0.9396551724137931,
        0.9870689655172413
      ],
      "ci_kappa": [
        0.9272095220594362,
        0.9841436819251896
      ],
      "neem_test_count": 14,
      "neem_f1": 0.8235294117647058,
      "confusion_matrix": [
        [
          41,
          0,
          0,
          0,
          3,
          0
        ],
        [
          0,
          32,
          0,
          0,
          1,
          0
        ],
        [
          0,
          0,
          42,
          0,
          0,
          0
        ],
        [
          0,
          2,
          0,
          40,
          2,
          0
        ],
        [
          0,
          0,
          0,
          0,
          14,
          0
        ],
        [
          0,
          0,
          0,
          0,
          0,
          55
        ]
      ],
      "confusion_matrix_normalized": [
        [
          0.9318181818181818,
          0.0,
          0.0,
          0.0,
          0.06818181818181818,
          0.0
        ],
        [
          0.0,
          0.9696969696969697,
          0.0,
          0.0,
          0.030303030303030304,
          0.0
        ],
        [
          0.0,
          0.0,
          1.0,
          0.0,
          0.0,
          0.0
        ],
        [
          0.0,
          0.045454545454545456,
          0.0,
          0.9090909090909091,
          0.045454545454545456,
          0.0
        ],
        [
          0.0,
          0.0,
          0.0,
          0.0,
          1.0,
          0.0
        ],
        [
          0.0,
          0.0,
          0.0,
          0.0,
          0.0,
          1.0
        ]
      ],
      "fold": 3
    },
    {
      "backbone": "efficientnet_b4",
      "split": "cv_fold4",
      "accuracy": 0.9913793103448276,
      "macro_f1": 0.9878893423819156,
      "weighted_f1": 0.9913855528100173,
      "macro_precision": 0.9839869281045752,
      "macro_recall": 0.9924242424242425,
      "cohen_kappa": 0.9894350964275143,
      "macro_auc": 0.999923861732907,
      "per_class_f1": {
        "Arjun Leaf": 1.0,
        "Curry Leaf": 0.9850746268656716,
        "Marsh Pennywort Leaf": 1.0,
        "Mint Leaf": 0.9767441860465116,
        "Neem Leaf": 0.9655172413793104,
        "Rubble Leaf": 1.0
      },
      "per_class_acc": {
        "Arjun Leaf": 1.0,
        "Curry Leaf": 1.0,
        "Marsh Pennywort Leaf": 1.0,
        "Mint Leaf": 0.9545454545454546,
        "Neem Leaf": 1.0,
        "Rubble Leaf": 1.0
      },
      "per_class_auc": {
        "Arjun Leaf": 1.0,
        "Curry Leaf": 0.9995431703974418,
        "Marsh Pennywort Leaf": 1.0,
        "Mint Leaf": 1.0,
        "Neem Leaf": 1.0,
        "Rubble Leaf": 1.0
      },
      "ci_macro_f1": [
        0.9656322229184072,
        1.0
      ],
      "ci_accuracy": [
        0.978448275862069,
        1.0
      ],
      "ci_kappa": [
        0.9734258691934925,
        1.0
      ],
      "neem_test_count": 14,
      "neem_f1": 0.9655172413793104,
      "confusion_matrix": [
        [
          44,
          0,
          0,
          0,
          0,
          0
        ],
        [
          0,
          33,
          0,
          0,
          0,
          0
        ],
        [
          0,
          0,
          42,
          0,
          0,
          0
        ],
        [
          0,
          1,
          0,
          42,
          1,
          0
        ],
        [
          0,
          0,
          0,
          0,
          14,
          0
        ],
        [
          0,
          0,
          0,
          0,
          0,
          55
        ]
      ],