{
  "train_loss": [
    1.7257502973079681,
    1.5802965193986893,
    1.476645329594612,
    1.3731855034828186,
    1.2874032825231552,
    1.2354437977075576,
    1.1245568364858627,
    1.058536809682846,
    1.0508815497159958,
    1.0176790356636047,
    0.9545392900705337,
    0.9515926688909531,
    0.8908950194716454,
    0.9181109353899956,
    0.9122248739004135,
    0.909418597817421,
    0.8677596643567085,
    0.7860669136047364,
    0.7468299865722656,
    0.731844574213028,
    0.6744463227689266,
    0.6582145370543003,
    0.6787216469645501,
    0.675419433414936,
    0.6512431286275386,
    0.60597003698349,
    0.5865975216031074,
    0.5362917691469192,
    0.5308084949851036,
    0.4883760675787926,
    0.5270871661603451,
    0.4217686079442501,
    0.4080006927251816,
    0.41131984293460844,
    0.43201678767800333,
    0.38827222399413586,
    0.3598945867270231,
    0.31814652532339094,
    0.30030221231281756,
    0.28286324329674245,
    0.2570286843925714,
    0.2525346003472805,
    0.24043897092342376,
    0.2228672370314598,
    0.22301368340849875,
    0.2169527880847454,
    0.1885343123227358,
    0.1776209555566311,
    0.1488358410075307,
    0.14134140983223914,
    0.1313632434234023,
    0.12260641492903232
  ],
  "val_loss": [
    1.7217750151952107,
    1.6395331621170044,
    1.5549091498057048,
    1.493262807528178,
    1.4510647455851238,
    1.4072542985280354,
    1.3653209606806438,
    1.3241326411565144,
    1.2856123646100361,
    1.2634570797284443,
    1.2338224649429321,
    1.205618977546692,
    1.2033427755037944,
    1.1947259108225505,
    1.19339519739151,
    1.133928656578064,
    1.0878995656967163,
    1.035429338614146,
    0.9900161425272623,
    0.9537691473960876,
    0.9195963740348816,
    0.9026109576225281,
    0.8858331640561422,
    0.8826688528060913,
    0.8719884951909384,
    0.8170363903045654,
    0.7606135209401449,
    0.7042549053827921,
    0.651535709698995,
    0.6200458109378815,
    0.5885432660579681,
    0.5676517188549042,
    0.5462899307409922,
    0.5552482108275095,
    0.5419770876566569,
    0.48623694479465485,
    0.43667713304360706,
    0.40194952487945557,
    0.35680778572956723,
    0.3337549368540446,
    0.30871521433194477,
    0.28435513625542325,
    0.28415193657080334,
    0.2719171916445096,
    0.27473364025354385,
    0.2382266273101171,
    0.19091479976971945,
    0.16925721367200217,
    0.1510779969394207,
    0.1380894978841146,
    0.12956426789363226,
    0.12023760254184405
  ],
  "val_accuracy": [
    0.2,
    0.28888888888888886,
    0.3333333333333333,
    0.4,
    0.4888888888888889,
    0.43333333333333335,
    0.4222222222222222,
    0.3888888888888889,
    0.4,
    0.4222222222222222,
    0.45555555555555555,
    0.4888888888888889,
    0.45555555555555555,
    0.4777777777777778,
    0.5,
    0.5666666666666667,
    0.6222222222222222,
    0.6555555555555556,
    0.7666666666666667,
    0.8333333333333334,
    0.8666666666666667,
    0.8666666666666667,
    0.8666666666666667,
    0.8666666666666667,
    0.8888888888888888,
    0.9444444444444444,
    0.9444444444444444,
    0.9444444444444444,
    0.9555555555555556,
    0.9666666666666667,
    0.9555555555555556,
    0.9777777777777777,
    0.9777777777777777,
    0.9777777777777777,
    0.9666666666666667,
    0.9888888888888889,
    1.0,
    0.9888888888888889,
    1.0,
    1.0,
    1.0,
    1.0,
    1.0,
    1.0,
    1.0,
    1.0,
    1.0,
    1.0,
    1.0,
    1.0,
    1.0,
    1.0
  ],
  "val_macro_f1": [
    0.17853691715920816,
    0.2749847298572936,
    0.32134416393531434,
    0.39297128349547705,
    0.4969696969696969,
    0.44605300408690424,
    0.415800671849059,
    0.3649928774928775,
    0.40805224867724865,
    0.427247217506131,
    0.4472171319261627,
    0.4904401154401154,
    0.44111408464664487,
    0.48375551177408765,
    0.4896584896584896,
    0.5662452467985322,
    0.6192440204068111,
    0.645014245014245,
    0.7290208795585139,
    0.7998207201211077,
    0.8333264119601328,
    0.8303592402429611,
    0.8349137135474344,
    0.8333264119601328,
    0.8530023378860587,
    0.9173382173382173,
    0.9173382173382173,
    0.9173382173382173,
    0.9325889164598843,
    0.9499203504579848,
    0.9325889164598843,
    0.9618055555555555,
    0.9605050505050504,
    0.9682589786756454,
    0.9444551282051282,
    0.9797979797979798,
    1.0,
    0.988776655443322,
    1.0,
    1.0,
    1.0,
    1.0,
    1.0,
    1.0,
    1.0,
    1.0,
    1.0,
    1.0,
    1.0,
    1.0,
    1.0,
    1.0
  ],
  "val_weighted_f1": [
    0.1981380367138881,
    0.31025672349010686,
    0.36138725609701033,
    0.4460448313136486,
    0.5538047138047137,
    0.49296391602105655,
    0.4669972898467522,
    0.41675688509021835,
    0.4482925485008818,
    0.47446739608878824,
    0.5060025816073462,
    0.5503294853294853,
    0.5011399496858908,
    0.5411171571233491,
    0.5564534231200898,
    0.6335395766378114,
    0.6883709887585856,
    0.7168186134852802,
    0.8038250744343934,
    0.861737149705496,
    0.8853668327796235,
    0.8842262603890512,
    0.888858896271687,
    0.8853668327796235,
    0.9002588080882654,
    0.9478306878306878,
    0.9478306878306878,
    0.9478306878306878,
    0.9577888061759029,
    0.9671113766095845,
    0.9577888061759029,
    0.9789351851851852,
    0.9792390572390574,
    0.9777941451552563,
    0.9695961538461538,
    0.9892255892255892,
    1.0,
    0.9889263000374111,
    1.0,
    1.0,
    1.0,
    1.0,
    1.0,
    1.0,
    1.0,
    1.0,
    1.0,
    1.0,
    1.0,
    1.0,
    1.0,
    1.0
  ],
  "lr": [
    0.0001,
    9.755282581475769e-05,
    9.045084971874738e-05,
    7.938926261462366e-05,
    6.545084971874738e-05,
    1e-05,
    9.755282581475769e-06,
    9.045084971874738e-06,
    7.938926261462366e-06,
    6.545084971874738e-06,
    5e-06,
    3.4549150281252635e-06,
    2.061073738537635e-06,
    9.549150281252633e-07,
    2.447174185242324e-07,
    1e-05,
    9.755282581475769e-06,
    9.045084971874738e-06,
    7.938926261462366e-06,
    6.545084971874738e-06,
    5e-06,
    3.4549150281252635e-06,
    2.061073738537635e-06,
    9.549150281252633e-07,
    2.447174185242324e-07,
    1e-05,
    9.755282581475769e-06,
    9.045084971874738e-06,
    7.938926261462366e-06,
    6.545084971874738e-06,
    5e-06,
    3.4549150281252635e-06,
    2.061073738537635e-06,
    9.549150281252633e-07,
    2.447174185242324e-07,
    1e-05,
    9.755282581475769e-06,
    9.045084971874738e-06,
    7.938926261462366e-06,
    6.545084971874738e-06,
    5e-06,
    3.4549150281252635e-06,
    2.061073738537635e-06,
    9.549150281252633e-07,
    2.447174185242324e-07,
    1e-05,
    9.755282581475769e-06,
    9.045084971874738e-06,
    7.938926261462366e-06,
    6.545084971874738e-06,
    5e-06,
    3.4549150281252635e-06
  ]
}