{
  "train_loss": [
    1.6864816308021546,
    1.5434465378522872,
    1.4250818818807602,
    1.3298680901527404,
    1.2406589657068252,
    1.1818597614765167,
    1.107112357020378,
    1.0411552354693412,
    1.0084668278694153,
    0.9492635816335678,
    0.9398397445678711,
    0.901303093135357,
    0.9029725745320321,
    0.9057138994336128,
    0.9019262537360191,
    0.8664792492985726,
    0.8196519494056702,
    0.8508719608187676,
    0.7400212250649929,
    0.7356745816767216,
    0.7037607803940773,
    0.6686148323118687,
    0.6784633718430996,
    0.6851096771657467,
    0.6147071652114391,
    0.6411643497645855,
    0.5490551598370075,
    0.574793166667223,
    0.5308926217257977,
    0.5148171320557594,
    0.4625912673771381,
    0.47008925303816795,
    0.4625380508601665,
    0.44872981756925584,
    0.41881847009062767,
    0.39428300857543946,
    0.38223956860601904,
    0.3703373547643423,
    0.3492141790688038,
    0.3306829582899809,
    0.2861286100000143,
    0.27499837689101697,
    0.24327001199126244,
    0.2754134424030781,
    0.2561322845518589,
    0.26670042239129543,
    0.22618679106235504,
    0.20726522598415614,
    0.17381966598331927,
    0.17171909045428038
  ],
  "val_loss": [
    1.682416518529256,
    1.5956233739852905,
    1.5244818925857544,
    1.4611279567082722,
    1.406613032023112,
    1.3621560335159302,
    1.3169843355814617,
    1.2934871912002563,
    1.2477650046348572,
    1.2166061600049336,
    1.2057121396064758,
    1.1762521465619404,
    1.176735023657481,
    1.1711434324582417,
    1.165233850479126,
    1.114157756169637,
    1.0630416472752888,
    1.008244792620341,
    0.9605112274487814,
    0.9243232210477194,
    0.9053545594215393,
    0.8830428719520569,
    0.8887430628140768,
    0.8747392296791077,
    0.8613417148590088,
    0.810306598742803,
    0.7499707341194153,
    0.709836890300115,
    0.6635667383670807,
    0.6209786931673685,
    0.6006305913130442,
    0.5852165718873342,
    0.5674966822067896,
    0.5686502705017725,
    0.5528677552938461,
    0.5136447648207346,
    0.47096870342890423,
    0.41703078150749207,
    0.3904195974270503,
    0.3450923462708791,
    0.33237817883491516,
    0.31704529871543247,
    0.29774316896994907,
    0.2965625822544098,
    0.29360804955164593,
    0.2645614768067996,
    0.22407286862532297,
    0.1970996322731177,
    0.18353689089417458,
    0.1536035624643167
  ],
  "val_accuracy": [
    0.4888888888888889,
    0.4777777777777778,
    0.5222222222222223,
    0.5666666666666667,
    0.5333333333333333,
    0.5555555555555556,
    0.5444444444444444,
    0.5,
    0.5111111111111111,
    0.5222222222222223,
    0.4888888888888889,
    0.5333333333333333,
    0.5333333333333333,
    0.5222222222222223,
    0.5555555555555556,
    0.6444444444444445,
    0.6222222222222222,
    0.7777777777777778,
    0.8333333333333334,
    0.8666666666666667,
    0.8777777777777778,
    0.8888888888888888,
    0.9222222222222223,
    0.9,
    0.9111111111111111,
    0.9333333333333333,
    0.9666666666666667,
    0.9555555555555556,
    0.9666666666666667,
    0.9666666666666667,
    0.9666666666666667,
    0.9555555555555556,
    0.9777777777777777,
    0.9666666666666667,
    1.0,
    1.0,
    1.0,
    1.0,
    1.0,
    1.0,
    1.0,
    1.0,
    1.0,
    1.0,
    1.0,
    1.0,
    1.0,
    1.0,
    1.0,
    1.0
  ],
  "val_macro_f1": [
    0.43478774753088256,
    0.4559365955054109,
    0.5111630763416478,
    0.5574382126309742,
    0.5238564601467828,
    0.5514647389647389,
    0.5328652828652829,
    0.5012345679012346,
    0.5015985110324733,
    0.5117226827753144,
    0.4857611199716463,
    0.5246166515516361,
    0.5246166515516361,
    0.5117226827753144,
    0.5458110672396387,
    0.6171714618377915,
    0.5989448751076658,
    0.7488292890591741,
    0.7962643678160918,
    0.8267897301349324,
    0.8385732323232323,
    0.8479285609720392,
    0.893287037037037,
    0.8631483429432237,
    0.8768939393939394,
    0.9045177045177045,
    0.9499203504579848,
    0.9380952380952382,
    0.9499203504579848,
    0.9499203504579848,
    0.9568146906856585,
    0.9380952380952382,
    0.9682589786756454,
    0.9568146906856585,
    1.0,
    1.0,
    1.0,
    1.0,
    1.0,
    1.0,
    1.0,
    1.0,
    1.0,
    1.0,
    1.0,
    1.0,
    1.0,
    1.0,
    1.0,
    1.0
  ],
  "val_weighted_f1": [
    0.44772329374160036,
    0.49037430328951814,
    0.566381960191484,
    0.6176983641316188,
    0.5837537691301132,
    0.6119354411021077,
    0.5948161714828382,
    0.5557201646090535,
    0.5575019273132481,
    0.5702307763711273,
    0.5386325240711205,
    0.5843411757756443,
    0.5843411757756443,
    0.5702307763711273,
    0.6089438427533664,
    0.6870578893076366,
    0.6698422952298922,
    0.8175109975876258,
    0.8616922094508301,
    0.8838882642012327,
    0.8958375420875421,
    0.9004381984092128,
    0.9284413580246915,
    0.9138225503437051,
    0.9193686868686869,
    0.9367195767195767,
    0.9671113766095845,
    0.9552380952380951,
    0.9671113766095845,
    0.9671113766095845,
    0.9663524647395614,
    0.9552380952380951,
    0.9777941451552563,
    0.9663524647395614,
    1.0,
    1.0,
    1.0,
    1.0,
    1.0,
    1.0,
    1.0,
    1.0,
    1.0,
    1.0,
    1.0,
    1.0,
    1.0,
    1.0,
    1.0,
    1.0
  ],
  "lr": [
    0.0001,
    9.755282581475769e-05,
    9.045084971874738e-05,
    7.938926261462366e-05,
    6.545084971874738e-05,
    1e-05,
    9.755282581475769e-06,
    9.045084971874738e-06,
    7.938926261462366e-06,
    6.545084971874738e-06,
    5e-06,
    3.4549150281252635e-06,
    2.061073738537635e-06,
    9.549150281252633e-07,
    2.447174185242324e-07,
    1e-05,
    9.755282581475769e-06,
    9.045084971874738e-06,
    7.938926261462366e-06,
    6.545084971874738e-06,
    5e-06,
    3.4549150281252635e-06,
    2.061073738537635e-06,
    9.549150281252633e-07,
    2.447174185242324e-07,
    1e-05,
    9.755282581475769e-06,
    9.045084971874738e-06,
    7.938926261462366e-06,
    6.545084971874738e-06,
    5e-06,
    3.4549150281252635e-06,
    2.061073738537635e-06,
    9.549150281252633e-07,
    2.447174185242324e-07,
    1e-05,
    9.755282581475769e-06,
    9.045084971874738e-06,
    7.938926261462366e-06,
    6.545084971874738e-06,
    5e-06,
    3.4549150281252635e-06,
    2.061073738537635e-06,
    9.549150281252633e-07,
    2.447174185242324e-07,
    1e-05,
    9.755282581475769e-06,
    9.045084971874738e-06,
    7.938926261462366e-06,
    6.545084971874738e-06
  ]
}