{
  "train_loss": [
    1.7388972425460816,
    1.6608641052246094,
    1.576918020248413,
    1.5205841827392579,
    1.4809683132171632,
    1.4412354230880737,
    1.4196846294403076,
    1.3734547901153564,
    1.3399994850158692,
    1.2858102416992188,
    1.2918025064468384,
    1.242532835006714,
    1.2349341917037964,
    1.2576443004608153,
    1.220969524383545,
    1.2489349460601806,
    1.1713188552856446,
    1.149849729537964,
    1.0871756386756897,
    1.0814264726638794,
    1.0518706297874452
  ],
  "val_loss": [
    1.725180168946584,
    1.663555423418681,
    1.6084824403127034,
    1.5710236231486003,
    1.5323550303777058,
    1.508846640586853,
    1.4838899970054626,
    1.465695063273112,
    1.4412309924761455,
    1.422478179136912,
    1.4049111406008403,
    1.3871191342671711,
    1.388235588868459,
    1.3909076849619548,
    1.388729174931844,
    1.365663190682729,
    1.3244428435961406,
    1.2895516753196716,
    1.2756921648979187,
    1.2466687162717183,
    1.237912654876709
  ],
  "val_accuracy": [
    0.41954022988505746,
    0.5402298850574713,
    0.6609195402298851,
    0.6896551724137931,
    0.6666666666666666,
    0.7413793103448276,
    0.6781609195402298,
    0.6264367816091954,
    0.6896551724137931,
    0.632183908045977,
    0.6494252873563219,
    0.6609195402298851,
    0.6724137931034483,
    0.632183908045977,
    0.6781609195402298,
    0.5919540229885057,
    0.7298850574712644,
    0.6724137931034483,
    0.7011494252873564,
    0.6666666666666666,
    0.7068965517241379
  ],
  "val_macro_f1": [
    0.4084030631222679,
    0.5371353578670651,
    0.6508118746924717,
    0.6903311629529861,
    0.670465736537165,
    0.7367306373298584,
    0.6884735116911767,
    0.6414573017910631,
    0.7049878736796962,
    0.6538772371646588,
    0.6685297567385057,
    0.6835942760586285,
    0.6885904416212947,
    0.6534461152882205,
    0.6901229508196721,
    0.6131688540537575,
    0.7340791221783434,
    0.6902044929114964,
    0.7093120877866642,
    0.6846307969591415,
    0.7127668234194099
  ],
  "val_weighted_f1": [
    0.43334571937362926,
    0.5704066842418399,
    0.6997218027583443,
    0.737038807322761,
    0.7170432267107144,
    0.7832483346920355,
    0.7382416324287651,
    0.6818675508507742,
    0.748310039372203,
    0.6968554718281844,
    0.7082110606641515,
    0.728486783368885,
    0.7339414926535522,
    0.6982016823668366,
    0.736227466867659,
    0.6588838125967916,
    0.7826605603973645,
    0.7375328477892261,
    0.7566796770128154,
    0.7306566471148261,
    0.7578409277334768
  ],
  "lr": [
    0.0001,
    9.755282581475769e-05,
    9.045084971874738e-05,
    7.938926261462366e-05,
    6.545084971874738e-05,
    1e-05,
    9.755282581475769e-06,
    9.045084971874738e-06,
    7.938926261462366e-06,
    6.545084971874738e-06,
    5e-06,
    3.4549150281252635e-06,
    2.061073738537635e-06,
    9.549150281252633e-07,
    2.447174185242324e-07,
    1e-05,
    9.755282581475769e-06,
    9.045084971874738e-06,
    7.938926261462366e-06,
    6.545084971874738e-06,
    5e-06
  ]
}