{
  "train_loss": [
    1.6629185953805612,
    1.490395659624144,
    1.3505639558614686,
    1.2059487825216249,
    1.1759337048197902,
    1.0789513130520665,
    1.0403205530588018,
    0.9455627591110939,
    0.8354061190472093,
    0.8410626733025839,
    0.7989571288574574,
    0.764988174272138,
    0.7579062996908675,
    0.7414134130921475,
    0.7456113668375237,
    0.7231355274832526,
    0.66801813660666,
    0.6606976355231086,
    0.6142619765082071,
    0.5744989147019941,
    0.5431879550911659,
    0.5061202915601952,
    0.5182081100552581,
    0.5220744124678678,
    0.5284102080866347,
    0.48297146032022875,
    0.43010027671969214,
    0.3996192494104075,
    0.3888673207094503,
    0.37874904205632764,
    0.35620867824831676,
    0.32206182528373806,
    0.329063443596973,
    0.2984368305566699,
    0.3104717721079671,
    0.27774599437103714,
    0.2675765524076861,
    0.24761545727419298,
    0.21495908706687217,
    0.2082824665446614,
    0.17150977964318076,
    0.15993410834046298,
    0.16649838918170265,
    0.1611704885266548
  ],
  "val_loss": [
    1.6734977563222249,
    1.5677225391070049,
    1.4820156693458557,
    1.401317795117696,
    1.3555775086085002,
    1.3006396492322285,
    1.2506113449732463,
    1.2025033831596375,
    1.1656188368797302,
    1.1279140810171764,
    1.0950978994369507,
    1.077666809161504,
    1.0604663888613384,
    1.0653103590011597,
    1.0688706437746684,
    0.9898194273312887,
    0.9390350381533304,
    0.883120929201444,
    0.8265447666247686,
    0.7931651820739111,
    0.759155293305715,
    0.7333849718173345,
    0.7202276438474655,
    0.7245089461406072,
    0.715208575129509,
    0.6525140454371771,
    0.5990941822528839,
    0.5432034557064375,
    0.5022316227356592,
    0.4656624322136243,
    0.44321029136578244,
    0.41864921649297077,
    0.40351604918638867,
    0.39725614339113235,
    0.39411834875742596,
    0.35093245779474574,
    0.31894906610250473,
    0.27240289996067685,
    0.2467225876947244,
    0.22206474964817366,
    0.20493106606105962,
    0.19425457219282785,
    0.18783974833786488,
    0.18283671389023462
  ],
  "val_accuracy": [
    0.3160919540229885,
    0.4827586206896552,
    0.47701149425287354,
    0.5689655172413793,
    0.5114942528735632,
    0.5517241379310345,
    0.5747126436781609,
    0.5919540229885057,
    0.6149425287356322,
    0.6724137931034483,
    0.6781609195402298,
    0.7413793103448276,
    0.735632183908046,
    0.6954022988505747,
    0.7241379310344828,
    0.7988505747126436,
    0.8735632183908046,
    0.8735632183908046,
    0.9195402298850575,
    0.9367816091954023,
    0.9425287356321839,
    0.9597701149425287,
    0.9770114942528736,
    0.9540229885057471,
    0.9540229885057471,
    0.9827586206896551,
    0.9942528735632183,
    0.9942528735632183,
    1.0,
    1.0,
    1.0,
    1.0,
    1.0,
    1.0,
    1.0,
    1.0,
    1.0,
    1.0,
    1.0,
    1.0,
    1.0,
    1.0,
    1.0,
    1.0
  ],
  "val_macro_f1": [
    0.3094074413293369,
    0.476355240763203,
    0.4552581760522833,
    0.5803993637157673,
    0.4987344487344488,
    0.5515987034099145,
    0.5629849415436238,
    0.5836748491782817,
    0.6115539632781012,
    0.6579972307311488,
    0.6583779889785869,
    0.719860436843359,
    0.7173751960180134,
    0.6769001894684316,
    0.7080550774526678,
    0.7768731143961976,
    0.8482590509820813,
    0.8482590509820813,
    0.9006159997256247,
    0.9190956653381256,
    0.9262554954505419,
    0.9516189039718452,
    0.9800969850305714,
    0.9413784495279592,
    0.9466419742957571,
    0.984827264239029,
    0.9954278653073834,
    0.9954278653073834,
    1.0,
    1.0,
    1.0,
    1.0,
    1.0,
    1.0,
    1.0,
    1.0,
    1.0,
    1.0,
    1.0,
    1.0,
    1.0,
    1.0,
    1.0,
    1.0
  ],
  "val_weighted_f1": [
    0.34790019982633197,
    0.5279535379172333,
    0.5089107044459268,
    0.6333459439127938,
    0.5540607109572627,
    0.60879502152091,
    0.620988360508868,
    0.6412980312076816,
    0.6667699588032525,
    0.7131486789557973,
    0.7142743792380972,
    0.7710525535592604,
    0.7696685807246584,
    0.7321498566788625,
    0.7602552080242152,
    0.823699547836233,
    0.8854180176531206,
    0.8854180176531206,
    0.9223783588603992,
    0.9377344618876817,
    0.9424562276862906,
    0.9593968551169362,
    0.9766305335630731,
    0.9550842191921468,
    0.9532177047839203,
    0.9825412923790205,
    0.9942432861419152,
    0.9942432861419152,
    1.0,
    1.0,
    1.0,
    1.0,
    1.0,
    1.0,
    1.0,
    1.0,
    1.0,
    1.0,
    1.0,
    1.0,
    1.0,
    1.0,
    1.0,
    1.0
  ],
  "lr": [
    0.0001,
    9.755282581475769e-05,
    9.045084971874738e-05,
    7.938926261462366e-05,
    6.545084971874738e-05,
    1e-05,
    9.755282581475769e-06,
    9.045084971874738e-06,
    7.938926261462366e-06,
    6.545084971874738e-06,
    5e-06,
    3.4549150281252635e-06,
    2.061073738537635e-06,
    9.549150281252633e-07,
    2.447174185242324e-07,
    1e-05,
    9.755282581475769e-06,
    9.045084971874738e-06,
    7.938926261462366e-06,
    6.545084971874738e-06,
    5e-06,
    3.4549150281252635e-06,
    2.061073738537635e-06,
    9.549150281252633e-07,
    2.447174185242324e-07,
    1e-05,
    9.755282581475769e-06,
    9.045084971874738e-06,
    7.938926261462366e-06,
    6.545084971874738e-06,
    5e-06,
    3.4549150281252635e-06,
    2.061073738537635e-06,
    9.549150281252633e-07,
    2.447174185242324e-07,
    1e-05,
    9.755282581475769e-06,
    9.045084971874738e-06,
    7.938926261462366e-06,
    6.545084971874738e-06,
    5e-06,
    3.4549150281252635e-06,
    2.061073738537635e-06,
    9.549150281252633e-07
  ]
}