{
  "train_loss": [
    1.750586099402849,
    1.638332536054212,
    1.5381436292515245,
    1.4575149264446525,
    1.3985523013181465,
    1.318648246831672,
    1.2601996577063272,
    1.1875318981880365,
    1.1206128846767336,
    1.0420225997303807,
    0.993343545946964,
    0.9448659156644067,
    0.920800642911778,
    0.8937715070192204,
    0.893228009689686,
    0.8528706708619761,
    0.7452968303547349,
    0.6640605427498041,
    0.5925943983155627,
    0.5195064731808596,
    0.4687128302662872,
    0.42673930179241093,
    0.4115170489910037,
    0.40087608993053436,
    0.4084522273651389,
    0.3762029336635457,
    0.2994305876105331,
    0.2387212383192639,
    0.20640672639358876,
    0.18471154743848844,
    0.15615269957586778,
    0.14750683602205542
  ],
  "val_loss": [
    1.683625598748525,
    1.5750836730003357,
    1.4886019229888916,
    1.4077895482381184,
    1.3510230779647827,
    1.2844202717145283,
    1.206847071647644,
    1.1368451118469238,
    1.0549020171165466,
    0.9947546720504761,
    0.9619450767834982,
    0.9135757982730865,
    0.8950630823771158,
    0.8799599806467692,
    0.8889385064442953,
    0.7692140837510427,
    0.6812569995721182,
    0.5845655500888824,
    0.5086491703987122,
    0.4520138700803121,
    0.4332219362258911,
    0.38331301013628644,
    0.36455444743235904,
    0.3705579986174901,
    0.3506532907485962,
    0.2927677159508069,
    0.23172665139039358,
    0.19265182067950568,
    0.15995268896222115,
    0.13847202062606812,
    0.11832493791977565,
    0.10301312059164047
  ],
  "val_accuracy": [
    0.6666666666666666,
    0.8793103448275862,
    0.9425287356321839,
    0.9655172413793104,
    0.9712643678160919,
    0.9885057471264368,
    0.9885057471264368,
    0.9885057471264368,
    0.9885057471264368,
    0.9942528735632183,
    0.9942528735632183,
    0.9942528735632183,
    0.9942528735632183,
    0.9942528735632183,
    0.9942528735632183,
    0.9942528735632183,
    1.0,
    1.0,
    1.0,
    1.0,
    1.0,
    1.0,
    1.0,
    1.0,
    1.0,
    1.0,
    1.0,
    1.0,
    1.0,
    1.0,
    1.0,
    1.0
  ],
  "val_macro_f1": [
    0.6506168539001569,
    0.8666509290470739,
    0.9326782173501025,
    0.9658465394329179,
    0.9717285130328609,
    0.9895389425741109,
    0.9895389425741109,
    0.9895389425741109,
    0.9895389425741109,
    0.9941110772667275,
    0.9941110772667275,
    0.9941110772667275,
    0.9941110772667275,
    0.9941110772667275,
    0.9941110772667275,
    0.9941110772667275,
    1.0,
    1.0,
    1.0,
    1.0,
    1.0,
    1.0,
    1.0,
    1.0,
    1.0,
    1.0,
    1.0,
    1.0,
    1.0,
    1.0,
    1.0,
    1.0
  ],
  "val_weighted_f1": [
    0.6578786599915852,
    0.8775105232256767,
    0.9423724880186061,
    0.9649321979714296,
    0.9707323078387546,
    0.9884804045610791,
    0.9884804045610791,
    0.9884804045610791,
    0.9884804045610791,
    0.994237118419164,
    0.994237118419164,
    0.994237118419164,
    0.994237118419164,
    0.994237118419164,
    0.994237118419164,
    0.994237118419164,
    1.0,
    1.0,
    1.0,
    1.0,
    1.0,
    1.0,
    1.0,
    1.0,
    1.0,
    1.0,
    1.0,
    1.0,
    1.0,
    1.0,
    1.0,
    1.0
  ],
  "lr": [
    0.0001,
    9.755282581475769e-05,
    9.045084971874738e-05,
    7.938926261462366e-05,
    6.545084971874738e-05,
    1e-05,
    9.755282581475769e-06,
    9.045084971874738e-06,
    7.938926261462366e-06,
    6.545084971874738e-06,
    5e-06,
    3.4549150281252635e-06,
    2.061073738537635e-06,
    9.549150281252633e-07,
    2.447174185242324e-07,
    1e-05,
    9.755282581475769e-06,
    9.045084971874738e-06,
    7.938926261462366e-06,
    6.545084971874738e-06,
    5e-06,
    3.4549150281252635e-06,
    2.061073738537635e-06,
    9.549150281252633e-07,
    2.447174185242324e-07,
    1e-05,
    9.755282581475769e-06,
    9.045084971874738e-06,
    7.938926261462366e-06,
    6.545084971874738e-06,
    5e-06,
    3.4549150281252635e-06
  ]
}