{
  "train_loss": [
    1.7187105178833009,
    1.564198437333107,
    1.4599923610687255,
    1.3498986214399338,
    1.253094309568405,
    1.18278688788414,
    1.1269977569580079,
    1.05593421459198,
    1.0210000902414322,
    0.9563572064042092,
    0.9582236856222153,
    0.9251552283763885,
    0.8878350272774697,
    0.9164223045110702,
    0.8557482868432998,
    0.8466144546866416,
    0.8319975271821022,
    0.7826342195272445,
    0.7194955445826053,
    0.6894573733210564,
    0.6510315850377083,
    0.6447989888489246,
    0.665556364506483,
    0.6653912261128425,
    0.6479087620973587,
    0.5995807319879531,
    0.5586321711540222,
    0.550513744354248,
    0.473120591789484,
    0.47752955704927447,
    0.46931015625596045,
    0.42778070718050004,
    0.4138236574828625,
    0.4022253580391407,
    0.4046926017850637,
    0.39315000772476194,
    0.3698199387639761,
    0.33622483983635904,
    0.34938763044774535,
    0.2701626069843769,
    0.24797627292573451,
    0.24418845772743225,
    0.24670416228473185,
    0.22252058796584606,
    0.22838253006339074,
    0.21041581965982914,
    0.19036062601953746,
    0.17840345203876495
  ],
  "val_loss": [
    1.7012091875076294,
    1.611974835395813,
    1.5409435828526814,
    1.4725692669550579,
    1.4216899871826172,
    1.391627828280131,
    1.3399196068445842,
    1.3001655737559001,
    1.2632358074188232,
    1.2278674642244976,
    1.2009692788124084,
    1.1894109050432842,
    1.1744242111841838,
    1.1622640093167622,
    1.172198514143626,
    1.1162244478861492,
    1.0515556534131367,
    0.9975008567174276,
    0.9470448891321818,
    0.9047161738077799,
    0.8818097710609436,
    0.851808230082194,
    0.8528108596801758,
    0.8549318114916483,
    0.8353788654009501,
    0.7798563838005066,
    0.7293268839518229,
    0.659337451060613,
    0.6057622532049814,
    0.5800600598255793,
    0.552564928929011,
    0.5388036916653315,
    0.5154329588015875,
    0.5184995283683141,
    0.5075602978467941,
    0.4581560691197713,
    0.4140739192565282,
    0.3692980110645294,
    0.32563312848409015,
    0.29170222332080203,
    0.2752257287502289,
    0.26434046775102615,
    0.24820896238088608,
    0.24508961041768393,
    0.2443202088276545,
    0.21587254603703818,
    0.18462337429324785,
    0.15737783660491309
  ],
  "val_accuracy": [
    0.4777777777777778,
    0.5555555555555556,
    0.6,
    0.6333333333333333,
    0.6666666666666666,
    0.6,
    0.5222222222222223,
    0.5,
    0.5666666666666667,
    0.6111111111111112,
    0.6,
    0.5777777777777777,
    0.6,
    0.6222222222222222,
    0.5777777777777777,
    0.7111111111111111,
    0.7555555555555555,
    0.8,
    0.8555555555555555,
    0.8888888888888888,
    0.9,
    0.9111111111111111,
    0.9111111111111111,
    0.8888888888888888,
    0.9444444444444444,
    0.9444444444444444,
    0.9444444444444444,
    0.9777777777777777,
    0.9777777777777777,
    0.9777777777777777,
    0.9888888888888889,
    0.9888888888888889,
    1.0,
    1.0,
    1.0,
    1.0,
    1.0,
    1.0,
    1.0,
    1.0,
    1.0,
    1.0,
    1.0,
    1.0,
    1.0,
    1.0,
    1.0,
    1.0
  ],
  "val_macro_f1": [
    0.4529970572075836,
    0.5560537165800324,
    0.6071100530096859,
    0.6450390155000517,
    0.6780440378266465,
    0.6034139120243128,
    0.5282184507631951,
    0.49680134680134674,
    0.5684741374027088,
    0.6146721721721723,
    0.6044225747486618,
    0.5843166667634753,
    0.6044225747486618,
    0.6200031693452746,
    0.5814482664482665,
    0.711998371998372,
    0.7439672518839185,
    0.7760297130873469,
    0.8233766233766234,
    0.8573575577802496,
    0.865890083632019,
    0.8770490723170989,
    0.878733660130719,
    0.8549235993208829,
    0.9162519201228879,
    0.9150883838383838,
    0.9162519201228879,
    0.9618055555555555,
    0.9618055555555555,
    0.9618055555555555,
    0.9797979797979798,
    0.9797979797979798,
    1.0,
    1.0,
    1.0,
    1.0,
    1.0,
    1.0,
    1.0,
    1.0,
    1.0,
    1.0,
    1.0,
    1.0,
    1.0,
    1.0,
    1.0,
    1.0
  ],
  "val_weighted_f1": [
    0.47919331863191517,
    0.6054373978935383,
    0.6602082028765015,
    0.7059002241240784,
    0.7379393990263556,
    0.6679024943020396,
    0.5846740775795788,
    0.5590460157126824,
    0.6343270719699292,
    0.6842660994327662,
    0.6732940114027071,
    0.6480376088532117,
    0.6732940114027071,
    0.6913730762414972,
    0.6484641914641914,
    0.7749209062542396,
    0.8069315242370798,
    0.8384874715343201,
    0.8799615199615201,
    0.9016965901756411,
    0.9146754281162883,
    0.9229649834844331,
    0.9228001089324618,
    0.9061453813745834,
    0.9485140809011777,
    0.9519149831649831,
    0.9485140809011777,
    0.9789351851851852,
    0.9789351851851852,
    0.9789351851851852,
    0.9892255892255892,
    0.9892255892255892,
    1.0,
    1.0,
    1.0,
    1.0,
    1.0,
    1.0,
    1.0,
    1.0,
    1.0,
    1.0,
    1.0,
    1.0,
    1.0,
    1.0,
    1.0,
    1.0
  ],
  "lr": [
    0.0001,
    9.755282581475769e-05,
    9.045084971874738e-05,
    7.938926261462366e-05,
    6.545084971874738e-05,
    1e-05,
    9.755282581475769e-06,
    9.045084971874738e-06,
    7.938926261462366e-06,
    6.545084971874738e-06,
    5e-06,
    3.4549150281252635e-06,
    2.061073738537635e-06,
    9.549150281252633e-07,
    2.447174185242324e-07,
    1e-05,
    9.755282581475769e-06,
    9.045084971874738e-06,
    7.938926261462366e-06,
    6.545084971874738e-06,
    5e-06,
    3.4549150281252635e-06,
    2.061073738537635e-06,
    9.549150281252633e-07,
    2.447174185242324e-07,
    1e-05,
    9.755282581475769e-06,
    9.045084971874738e-06,
    7.938926261462366e-06,
    6.545084971874738e-06,
    5e-06,
    3.4549150281252635e-06,
    2.061073738537635e-06,
    9.549150281252633e-07,
    2.447174185242324e-07,
    1e-05,
    9.755282581475769e-06,
    9.045084971874738e-06,
    7.938926261462366e-06,
    6.545084971874738e-06,
    5e-06,
    3.4549150281252635e-06,
    2.061073738537635e-06,
    9.549150281252633e-07,
    2.447174185242324e-07,
    1e-05,
    9.755282581475769e-06,
    9.045084971874738e-06
  ]
}