{
  "train_loss": [
    1.7046652782795042,
    1.5215605220129325,
    1.380838574365128,
    1.2723738038262655,
    1.205461768216865,
    1.085656927075497,
    1.032232639401458,
    1.0054588844609815,
    0.900592191274776,
    0.8320331046747607,
    0.8699906870376232,
    0.839742218339166,
    0.7896924420844676,
    0.811234338338985,
    0.7560617189074672,
    0.744952451351077,
    0.7058992240318033,
    0.668216407992119,
    0.6137296474257181,
    0.5901439106741617,
    0.5770046107990797,
    0.586876913558605,
    0.6014627855877543,
    0.5363524673983108,
    0.5533223276914552,
    0.524002110542253,
    0.4837347691835359,
    0.44451328973437465,
    0.4029603652482809,
    0.3999346508536228,
    0.37055520921252494,
    0.3595812927151835,
    0.3687223549499068,
    0.3297904158054396,
    0.34087398752223613,
    0.32540729745875957,
    0.2858419972796773,
    0.25954977267010265,
    0.2368740811944008,
    0.19942993220201757,
    0.18413253509721092,
    0.19208261890466824,
    0.19265897779963737,
    0.18094628130973772,
    0.1832838767143183
  ],
  "val_loss": [
    1.6735095580418904,
    1.571734646956126,
    1.4944308400154114,
    1.4230478803316753,
    1.3725392818450928,
    1.3296444217363994,
    1.282572517792384,
    1.2465299665927887,
    1.2001154720783234,
    1.1742985049883525,
    1.1386541624863942,
    1.1228009164333344,
    1.1042436559995015,
    1.1162379384040833,
    1.098779062430064,
    1.0461159745852153,
    0.9894523521264394,
    0.9356405735015869,
    0.8701932181914648,
    0.837194969256719,
    0.8020134071509043,
    0.7861139128605524,
    0.7676184922456741,
    0.7506022602319717,
    0.7547150651613871,
    0.6803086996078491,
    0.6267910748720169,
    0.56915516157945,
    0.5323638344804446,
    0.48262861867745716,
    0.44866251200437546,
    0.43526993691921234,
    0.4209360182285309,
    0.423244612912337,
    0.41607267409563065,
    0.3650418284038703,
    0.3159883879125118,
    0.28432823965946835,
    0.25312356029947597,
    0.21996532753109932,
    0.21749587108691534,
    0.19946139740447202,
    0.1915840140233437,
    0.19744223977128664,
    0.19059015748401484
  ],
  "val_accuracy": [
    0.4425287356321839,
    0.5344827586206896,
    0.5114942528735632,
    0.5344827586206896,
    0.5804597701149425,
    0.5459770114942529,
    0.5689655172413793,
    0.5172413793103449,
    0.5689655172413793,
    0.6149425287356322,
    0.5919540229885057,
    0.6666666666666666,
    0.6781609195402298,
    0.6206896551724138,
    0.7241379310344828,
    0.6781609195402298,
    0.7298850574712644,
    0.8505747126436781,
    0.8908045977011494,
    0.9022988505747126,
    0.896551724137931,
    0.9137931034482759,
    0.9080459770114943,
    0.9425287356321839,
    0.9310344827586207,
    0.9482758620689655,
    0.9827586206896551,
    0.9885057471264368,
    0.9942528735632183,
    1.0,
    1.0,
    0.9885057471264368,
    0.9942528735632183,
    1.0,
    1.0,
    1.0,
    1.0,
    1.0,
    1.0,
    1.0,
    1.0,
    1.0,
    1.0,
    1.0,
    1.0
  ],
  "val_macro_f1": [
    0.41496152601023767,
    0.4973901346448142,
    0.471243409221666,
    0.5026061923282238,
    0.5465814772743944,
    0.513240162205883,
    0.5254388827248386,
    0.476449668474985,
    0.5317985037181842,
    0.5832880771442863,
    0.5484036920808082,
    0.6419179360355832,
    0.6460137494954062,
    0.5774202019758506,
    0.6902363470126099,
    0.6419771799082145,
    0.6969391693185242,
    0.822050647771582,
    0.8674822990646303,
    0.8789130512344799,
    0.8745736970001676,
    0.890359507448378,
    0.8861639801498292,
    0.9228194048339239,
    0.9133965213992573,
    0.936951863960685,
    0.9754933851050461,
    0.9855372577265583,
    0.9954278653073834,
    1.0,
    1.0,
    0.9895156606819434,
    0.9954278653073834,
    1.0,
    1.0,
    1.0,
    1.0,
    1.0,
    1.0,
    1.0,
    1.0,
    1.0,
    1.0,
    1.0,
    1.0
  ],
  "val_weighted_f1": [
    0.43788367507586967,
    0.5429642587942508,
    0.525376583392071,
    0.5527493774275068,
    0.6003080732904569,
    0.5706807827068209,
    0.5837797152873411,
    0.5302515017355698,
    0.5881929640698963,
    0.6345598467933379,
    0.607550766585544,
    0.6930199898759737,
    0.7025020070738069,
    0.6340625551583633,
    0.7441569782913144,
    0.6949722141160904,
    0.742539089940319,
    0.8650985837842892,
    0.8929443612333192,
    0.9014030202145966,
    0.8946138748750311,
    0.9154246285625882,
    0.9087548669973848,
    0.9434374183576261,
    0.9291108745021666,
    0.9474079966987082,
    0.9830339272878519,
    0.9884857082001168,
    0.9942432861419152,
    1.0,
    1.0,
    0.9884171150457136,
    0.9942432861419152,
    1.0,
    1.0,
    1.0,
    1.0,
    1.0,
    1.0,
    1.0,
    1.0,
    1.0,
    1.0,
    1.0,
    1.0
  ],
  "lr": [
    0.0001,
    9.755282581475769e-05,
    9.045084971874738e-05,
    7.938926261462366e-05,
    6.545084971874738e-05,
    1e-05,
    9.755282581475769e-06,
    9.045084971874738e-06,
    7.938926261462366e-06,
    6.545084971874738e-06,
    5e-06,
    3.4549150281252635e-06,
    2.061073738537635e-06,
    9.549150281252633e-07,
    2.447174185242324e-07,
    1e-05,
    9.755282581475769e-06,
    9.045084971874738e-06,
    7.938926261462366e-06,
    6.545084971874738e-06,
    5e-06,
    3.4549150281252635e-06,
    2.061073738537635e-06,
    9.549150281252633e-07,
    2.447174185242324e-07,
    1e-05,
    9.755282581475769e-06,
    9.045084971874738e-06,
    7.938926261462366e-06,
    6.545084971874738e-06,
    5e-06,
    3.4549150281252635e-06,
    2.061073738537635e-06,
    9.549150281252633e-07,
    2.447174185242324e-07,
    1e-05,
    9.755282581475769e-06,
    9.045084971874738e-06,
    7.938926261462366e-06,
    6.545084971874738e-06,
    5e-06,
    3.4549150281252635e-06,
    2.061073738537635e-06,
    9.549150281252633e-07,
    2.447174185242324e-07
  ]
}