{
  "train_loss": [
    1.712799066721007,
    1.5494606384011202,
    1.4203395760336588,
    1.3315223704936892,
    1.2499181170796239,
    1.162802423155585,
    1.113363475300545,
    1.0407767780991488,
    0.9556607895119246,
    0.9737124082654022,
    0.9147528146588525,
    0.8542953646460245,
    0.866437206434649,
    0.8348339116850565,
    0.8942231425019198,
    0.7990040515744409,
    0.7751184993012007,
    0.7621630423290785,
    0.6977811129980309,
    0.6754179409770078,
    0.6505673070286595,
    0.6160099728162899,
    0.5884452919627345,
    0.6077761899593265,
    0.6365387897158779,
    0.58507630298304,
    0.5664595206116521,
    0.480457920667737,
    0.46271978907806927,
    0.4690018261587897,
    0.4327301972134169,
    0.416337673054185,
    0.38296851481116095,
    0.396492722076039,
    0.3927600141181502,
    0.3785016158985537,
    0.31848356023777363,
    0.2938821690027104,
    0.2792548336261927,
    0.24084821967191475,
    0.25236772485943726,
    0.23139409651589948,
    0.22356322061183842,
    0.2240601311935935,
    0.21265445511008418,
    0.2083582644199216,
    0.18245930796445803,
    0.16573140960793162,
    0.14341512478368226,
    0.13961282684359438,
    0.12095558946562368,
    0.12241345574689466
  ],
  "val_loss": [
    1.7091831962267559,
    1.6167666514714558,
    1.5414076447486877,
    1.4817663828531902,
    1.4392338593800862,
    1.3796070615450542,
    1.342037816842397,
    1.3043289979298909,
    1.2639958163102467,
    1.2628750304381053,
    1.2287599047025044,
    1.1950986981391907,
    1.1876299679279327,
    1.1756859918435414,
    1.1920111179351807,
    1.1108218133449554,
    1.0637065470218658,
    1.0090471506118774,
    0.9741810262203217,
    0.9315989017486572,
    0.8896045535802841,
    0.877778892715772,
    0.8639851560195287,
    0.8678229302167892,
    0.8623630652825037,
    0.8034184922774633,
    0.7359901467959086,
    0.6903989762067795,
    0.6308585902055105,
    0.6038027554750443,
    0.5768280252814293,
    0.5497652242581049,
    0.5376188332835833,
    0.525416187942028,
    0.5417591482400894,
    0.47647830098867416,
    0.4170485387245814,
    0.3840821559230487,
    0.34876954555511475,
    0.33063249041636783,
    0.30355985711018246,
    0.2907654543717702,
    0.2856416366994381,
    0.2763560737172763,
    0.26935404539108276,
    0.24249950548013052,
    0.20586570600668588,
    0.19429104837278524,
    0.16226396461327872,
    0.15225746917227903,
    0.13965070992708206,
    0.12872478738427162
  ],
  "val_accuracy": [
    0.14942528735632185,
    0.23563218390804597,
    0.3563218390804598,
    0.3620689655172414,
    0.41379310344827586,
    0.41379310344827586,
    0.41379310344827586,
    0.4425287356321839,
    0.4367816091954023,
    0.3850574712643678,
    0.40229885057471265,
    0.5,
    0.5057471264367817,
    0.5057471264367817,
    0.46551724137931033,
    0.6781609195402298,
    0.7241379310344828,
    0.7988505747126436,
    0.8103448275862069,
    0.8448275862068966,
    0.9252873563218391,
    0.9022988505747126,
    0.9367816091954023,
    0.9137931034482759,
    0.896551724137931,
    0.9367816091954023,
    0.9770114942528736,
    0.9770114942528736,
    0.9885057471264368,
    0.9942528735632183,
    0.9885057471264368,
    0.9885057471264368,
    0.9942528735632183,
    0.9942528735632183,
    0.9942528735632183,
    0.9885057471264368,
    1.0,
    0.9942528735632183,
    0.9942528735632183,
    0.9942528735632183,
    0.9942528735632183,
    0.9942528735632183,
    0.9942528735632183,
    0.9942528735632183,
    0.9942528735632183,
    1.0,
    1.0,
    0.9942528735632183,
    0.9942528735632183,
    1.0,
    1.0,
    1.0
  ],
  "val_macro_f1": [
    0.1551476425999458,
    0.2628596083768498,
    0.37874497222609604,
    0.382543724903657,
    0.4360237483953788,
    0.42671539517429347,
    0.40304369000670365,
    0.4413045052014392,
    0.4318040383480311,
    0.3956585382882416,
    0.3967656596688855,
    0.4955891079173102,
    0.49006675285953366,
    0.49484214246446245,
    0.45688607917710083,
    0.664312216637798,
    0.7081589458395445,
    0.7736839264563891,
    0.7843049227195568,
    0.8162006580126309,
    0.8996517569939265,
    0.8768803390012363,
    0.9142106058643175,
    0.8888283024052995,
    0.870435141442479,
    0.9149430105836527,
    0.9662314156431804,
    0.9692002442002443,
    0.980982905982906,
    0.9901895206243032,
    0.9842773159988633,
    0.9842773159988633,
    0.9901895206243032,
    0.9901895206243032,
    0.9901895206243032,
    0.9842773159988633,
    1.0,
    0.9941679235796883,
    0.9941679235796883,
    0.9941679235796883,
    0.9941679235796883,
    0.9941679235796883,
    0.9941679235796883,
    0.9941679235796883,
    0.9941679235796883,
    1.0,
    1.0,
    0.9941679235796883,
    0.9941679235796883,
    1.0,
    1.0,
    1.0
  ],
  "val_weighted_f1": [
    0.15154469826336783,
    0.27593105930799156,
    0.4095009038842105,
    0.41377210174119017,
    0.47494165572327224,
    0.4623205214184665,
    0.44168302655607206,
    0.48161834789012553,
    0.47100226237545995,
    0.4269139568430767,
    0.43412462995332846,
    0.5419487195458267,
    0.5414685331691924,
    0.5420646279781652,
    0.49933618568186733,
    0.7263988721486716,
    0.7686718180584057,
    0.830065129449325,
    0.8401698875836808,
    0.8672090087279275,
    0.9328473853328622,
    0.914433949227941,
    0.942362516435784,
    0.922256613488769,
    0.9079598730630652,
    0.9410650790268591,
    0.9776476036922284,
    0.9772567470843333,
    0.9888962569997053,
    0.9943336024295545,
    0.9885074313333528,
    0.9885074313333528,
    0.9943336024295545,
    0.9943336024295545,
    0.9943336024295545,
    0.9885074313333528,
    1.0,
    0.9942650092751512,
    0.9942650092751512,
    0.9942650092751512,
    0.9942650092751512,
    0.9942650092751512,
    0.9942650092751512,
    0.9942650092751512,
    0.9942650092751512,
    1.0,
    1.0,
    0.9942650092751512,
    0.9942650092751512,
    1.0,
    1.0,
    1.0
  ],
  "lr": [
    0.0001,
    9.755282581475769e-05,
    9.045084971874738e-05,
    7.938926261462366e-05,
    6.545084971874738e-05,
    1e-05,
    9.755282581475769e-06,
    9.045084971874738e-06,
    7.938926261462366e-06,
    6.545084971874738e-06,
    5e-06,
    3.4549150281252635e-06,
    2.061073738537635e-06,
    9.549150281252633e-07,
    2.447174185242324e-07,
    1e-05,
    9.755282581475769e-06,
    9.045084971874738e-06,
    7.938926261462366e-06,
    6.545084971874738e-06,
    5e-06,
    3.4549150281252635e-06,
    2.061073738537635e-06,
    9.549150281252633e-07,
    2.447174185242324e-07,
    1e-05,
    9.755282581475769e-06,
    9.045084971874738e-06,
    7.938926261462366e-06,
    6.545084971874738e-06,
    5e-06,
    3.4549150281252635e-06,
    2.061073738537635e-06,
    9.549150281252633e-07,
    2.447174185242324e-07,
    1e-05,
    9.755282581475769e-06,
    9.045084971874738e-06,
    7.938926261462366e-06,
    6.545084971874738e-06,
    5e-06,
    3.4549150281252635e-06,
    2.061073738537635e-06,
    9.549150281252633e-07,
    2.447174185242324e-07,
    1e-05,
    9.755282581475769e-06,
    9.045084971874738e-06,
    7.938926261462366e-06,
    6.545084971874738e-06,
    5e-06,
    3.4549150281252635e-06
  ]
}