{
  "train_loss": [
    1.7195503628531168,
    1.5520257506259652,
    1.4172504253165668,
    1.3236444744952889,
    1.2514099603475526,
    1.139510962852212,
    1.085277819356253,
    1.0041005847065947,
    0.9671584506367528,
    0.9368398217267768,
    0.8743236965911333,
    0.8638415724732155,
    0.8324411844098291,
    0.8692663727804671,
    0.8276709193407104,
    0.8481147538783939,
    0.7688458866851274,
    0.7266422378462415,
    0.6646496064441149,
    0.6920873058396716,
    0.6289904387884362,
    0.6009825544301853,
    0.590670412363008,
    0.6280602965244028,
    0.5399811288645101,
    0.5830065316932146,
    0.5331362548262574,
    0.5052619687346525,
    0.4610508416974267,
    0.4305558558120284,
    0.41371061081110044,
    0.41732326531132985,
    0.4193102679280348,
    0.4082073818805606,
    0.3858237124459688,
    0.3496027100224828,
    0.34010490983031516,
    0.3032563096562097,
    0.2858417876238047,
    0.25292758054511494,
    0.2522038945624995,
    0.21940809211065604,
    0.2431592816530272,
    0.21690766513347626,
    0.2136594743229622,
    0.21381809527790824,
    0.1777834323949592,
    0.15697120823139368,
    0.163990025603494,
    0.13295089366824128,
    0.1412497376806514,
    0.1114724756673325,
    0.10795888599268226,
    0.11109029449695765,
    0.11073588138056356,
    0.10581368242585382,
    0.10759275051396947
  ],
  "val_loss": [
    1.700320581595103,
    1.6147325436274211,
    1.5427390933036804,
    1.4691354433695476,
    1.4214959343274434,
    1.3772115111351013,
    1.3363991181055705,
    1.2907890379428864,
    1.268936276435852,
    1.2414689362049103,
    1.1938953399658203,
    1.1869013508160908,
    1.1742133796215057,
    1.1727274159590404,
    1.1635497212409973,
    1.1102326114972432,
    1.055710365374883,
    0.9977688392003378,
    0.9595342775185903,
    0.9036185592412949,
    0.8829920788606008,
    0.8566756298144659,
    0.8444928924242655,
    0.8495064427455267,
    0.8272484540939331,
    0.7843298216660818,
    0.7167506615320841,
    0.6714963515599569,
    0.6247997134923935,
    0.5787242576479912,
    0.5555924897392591,
    0.5488467266162237,
    0.5154091293613116,
    0.5119413211941719,
    0.513637033601602,
    0.4578651413321495,
    0.4212818642457326,
    0.376656183352073,
    0.3423050368825595,
    0.30824849878748256,
    0.29693347836534184,
    0.2759236730635166,
    0.27537427470088005,
    0.25840859363476437,
    0.26552875091632205,
    0.237259012957414,
    0.20456744420031706,
    0.18237977661192417,
    0.15927219266692796,
    0.13523964832226434,
    0.13189679135878882,
    0.12843249551951885,
    0.11551144905388355,
    0.12156783603131771,
    0.11769703961908817,
    0.09800536713252465,
    0.08684468828141689
  ],
  "val_accuracy": [
    0.3850574712643678,
    0.4540229885057471,
    0.4540229885057471,
    0.5114942528735632,
    0.5402298850574713,
    0.41954022988505746,
    0.4942528735632184,
    0.4482758620689655,
    0.41954022988505746,
    0.4540229885057471,
    0.5287356321839081,
    0.5172413793103449,
    0.5747126436781609,
    0.5402298850574713,
    0.5114942528735632,
    0.6494252873563219,
    0.735632183908046,
    0.8160919540229885,
    0.8505747126436781,
    0.9252873563218391,
    0.9022988505747126,
    0.9482758620689655,
    0.9425287356321839,
    0.9425287356321839,
    0.9655172413793104,
    0.9540229885057471,
    0.9827586206896551,
    0.9885057471264368,
    0.9885057471264368,
    0.9885057471264368,
    0.9885057471264368,
    0.9885057471264368,
    0.9942528735632183,
    0.9942528735632183,
    0.9942528735632183,
    0.9942528735632183,
    0.9885057471264368,
    0.9942528735632183,
    0.9942528735632183,
    0.9942528735632183,
    0.9942528735632183,
    1.0,
    1.0,
    1.0,
    1.0,
    1.0,
    1.0,
    1.0,
    1.0,
    1.0,
    1.0,
    1.0,
    1.0,
    1.0,
    1.0,
    1.0,
    1.0
  ],
  "val_macro_f1": [
    0.3726733811269118,
    0.4388260751163977,
    0.4515318080383208,
    0.5157859743615557,
    0.5430162183617816,
    0.41283184559046626,
    0.49237339685100884,
    0.4451594072886446,
    0.40570897550137547,
    0.4510924634847049,
    0.5188580240031646,
    0.5113338362273238,
    0.5618885865596391,
    0.5295719312669679,
    0.5096167084839133,
    0.6208758924153838,
    0.7112907032949677,
    0.7836017561331546,
    0.8200317867312595,
    0.8990907426188867,
    0.8723745126705653,
    0.9257056451612903,
    0.9188544788177918,
    0.9179213852665294,
    0.945874980515938,
    0.9327363847837985,
    0.9749066293183941,
    0.9842773159988633,
    0.9842773159988633,
    0.9842773159988633,
    0.9842773159988633,
    0.9842773159988633,
    0.9901895206243032,
    0.9901895206243032,
    0.9901895206243032,
    0.9901895206243032,
    0.9842773159988633,
    0.9901895206243032,
    0.9901895206243032,
    0.9901895206243032,
    0.9941679235796883,
    1.0,
    1.0,
    1.0,
    1.0,
    1.0,
    1.0,
    1.0,
    1.0,
    1.0,
    1.0,
    1.0,
    1.0,
    1.0,
    1.0,
    1.0,
    1.0
  ],
  "val_weighted_f1": [
    0.41432370283276576,
    0.49047835513352755,
    0.5040876007821784,
    0.5694063515785649,
    0.6005599312809897,
    0.4580685276880283,
    0.5438633398489291,
    0.4892137992024755,
    0.4518941807655364,
    0.4984060866752603,
    0.5739779154834537,
    0.5644244774263454,
    0.6189764749769286,
    0.5863624643001871,
    0.5619351909395031,
    0.6846238395756007,
    0.7768231851203692,
    0.8414697501791396,
    0.8734090996386538,
    0.9336283884342481,
    0.9151595163675472,
    0.9530060406624644,
    0.9482008634872586,
    0.9481988211882392,
    0.9684377595075504,
    0.9578092855255459,
    0.9828833832383528,
    0.9885074313333528,
    0.9885074313333528,
    0.9885074313333528,
    0.9885074313333528,
    0.9885074313333528,
    0.9943336024295545,
    0.9943336024295545,
    0.9943336024295545,
    0.9943336024295545,
    0.9885074313333528,
    0.9943336024295545,
    0.9943336024295545,
    0.9943336024295545,
    0.9942650092751512,
    1.0,
    1.0,
    1.0,
    1.0,
    1.0,
    1.0,
    1.0,
    1.0,
    1.0,
    1.0,
    1.0,
    1.0,
    1.0,
    1.0,
    1.0,
    1.0
  ],
  "lr": [
    0.0001,
    9.755282581475769e-05,
    9.045084971874738e-05,
    7.938926261462366e-05,
    6.545084971874738e-05,
    1e-05,
    9.755282581475769e-06,
    9.045084971874738e-06,
    7.938926261462366e-06,
    6.545084971874738e-06,
    5e-06,
    3.4549150281252635e-06,
    2.061073738537635e-06,
    9.549150281252633e-07,
    2.447174185242324e-07,
    1e-05,
    9.755282581475769e-06,
    9.045084971874738e-06,
    7.938926261462366e-06,
    6.545084971874738e-06,
    5e-06,
    3.4549150281252635e-06,
    2.061073738537635e-06,
    9.549150281252633e-07,
    2.447174185242324e-07,
    1e-05,
    9.755282581475769e-06,
    9.045084971874738e-06,
    7.938926261462366e-06,
    6.545084971874738e-06,
    5e-06,
    3.4549150281252635e-06,
    2.061073738537635e-06,
    9.549150281252633e-07,
    2.447174185242324e-07,
    1e-05,
    9.755282581475769e-06,
    9.045084971874738e-06,
    7.938926261462366e-06,
    6.545084971874738e-06,
    5e-06,
    3.4549150281252635e-06,
    2.061073738537635e-06,
    9.549150281252633e-07,
    2.447174185242324e-07,
    1e-05,
    9.755282581475769e-06,
    9.045084971874738e-06,
    7.938926261462366e-06,
    6.545084971874738e-06,
    5e-06,
    3.4549150281252635e-06,
    2.061073738537635e-06,
    9.549150281252633e-07,
    2.447174185242324e-07,
    1e-05,
    9.755282581475769e-06
  ]
}