{
  "train_loss": [
    1.730887304904849,
    1.5473756706991861,
    1.3698204450829083,
    1.2629696629768195,
    1.1728883150011995,
    1.1234205531519512,
    1.0460723111795824,
    0.939977485080098,
    0.9010952267535898,
    0.8520247173863787,
    0.8452705727067105,
    0.8102259746817655,
    0.7591990093852199,
    0.793983094914015,
    0.7535349740538486,
    0.7682681887648827,
    0.6890055363954499,
    0.6260207912256551,
    0.6593634777290877,
    0.5986011970874875,
    0.5917268367700799,
    0.5549758547960326,
    0.5506823347058407,
    0.5562001459820326,
    0.5162415338117022,
    0.5340837080811345,
    0.46011095684628156,
    0.443328402070112,
    0.40169650108315225,
    0.3926750733408817,
    0.37013791189637296,
    0.36653836210106694,
    0.35323614401872766,
    0.34731728046439414,
    0.33927136694276055,
    0.29702861814997916,
    0.28618467755095905,
    0.26429634801177093,
    0.24476087335930313,
    0.24925507622402768,
    0.2127380831990131,
    0.19622515973656676,
    0.18442765190157778,
    0.1916922511056412,
    0.1870628832731136,
    0.18027527699636858,
    0.15888156152741853,
    0.1408057609616324,
    0.12144112855542538,
    0.12155532949539118,
    0.10328174339130868,
    0.10335640695899032,
    0.10092871428229087,
    0.08973977177642113,
    0.09375383358362109,
    0.09021716175037761,
    0.07506681519538858,
    0.06685375305282515,
    0.05892508377342723,
    0.06128513353855111,
    0.05495193942861502,
    0.05251968106211618,
    0.04879133719517741
  ],
  "val_loss": [
    1.6869406302769978,
    1.5933615962664287,
    1.513473669687907,
    1.448063810666402,
    1.3949825366338093,
    1.363197127978007,
    1.3207388520240784,
    1.2857643564542134,
    1.2487570544083912,
    1.2141354481379192,
    1.1951637069384258,
    1.1686621805032094,
    1.1654302179813385,
    1.1664283871650696,
    1.157920092344284,
    1.1001830995082855,
    1.0449983378251393,
    0.9955098927021027,
    0.9523645838101705,
    0.9094316760698954,
    0.8824644784132639,
    0.8651626209417979,
    0.8541483879089355,
    0.8550809323787689,
    0.848070094982783,
    0.7838346511125565,
    0.7253384242455164,
    0.6799258391062418,
    0.6299328108628591,
    0.5993716965119044,
    0.5741254687309265,
    0.5551888843377432,
    0.5448719263076782,
    0.5317568282286326,
    0.5339293479919434,
    0.4910309463739395,
    0.44154370327790576,
    0.3955824325482051,
    0.36705849568049115,
    0.3320319826404254,
    0.32013851155837375,
    0.30616353700558346,
    0.2974347819884618,
    0.2896013980110486,
    0.2934955731034279,
    0.2621488223473231,
    0.22698943813641867,
    0.20149542391300201,
    0.1811984827121099,
    0.1625101293126742,
    0.1531955897808075,
    0.14620869606733322,
    0.1477514604727427,
    0.13757625222206116,
    0.14340935399134955,
    0.12270091349879901,
    0.10135770216584206,
    0.09252046793699265,
    0.08358956500887871,
    0.07767840102314949,
    0.07643866476913293,
    0.07088809584577878,
    0.06671645243962605
  ],
  "val_accuracy": [
    0.5287356321839081,
    0.5057471264367817,
    0.5459770114942529,
    0.5287356321839081,
    0.5747126436781609,
    0.5459770114942529,
    0.5459770114942529,
    0.5517241379310345,
    0.5459770114942529,
    0.5747126436781609,
    0.6264367816091954,
    0.6666666666666666,
    0.632183908045977,
    0.6091954022988506,
    0.6781609195402298,
    0.7298850574712644,
    0.8275862068965517,
    0.8505747126436781,
    0.8448275862068966,
    0.8735632183908046,
    0.8793103448275862,
    0.9080459770114943,
    0.9022988505747126,
    0.9137931034482759,
    0.9080459770114943,
    0.9137931034482759,
    0.9597701149425287,
    0.9540229885057471,
    0.9482758620689655,
    0.9655172413793104,
    0.9655172413793104,
    0.9655172413793104,
    0.9712643678160919,
    0.9655172413793104,
    0.9655172413793104,
    0.9770114942528736,
    0.9712643678160919,
    0.9827586206896551,
    0.9885057471264368,
    0.9770114942528736,
    0.9885057471264368,
    0.9885057471264368,
    0.9942528735632183,
    0.9942528735632183,
    0.9942528735632183,
    0.9942528735632183,
    0.9942528735632183,
    1.0,
    0.9942528735632183,
    1.0,
    1.0,
    1.0,
    1.0,
    1.0,
    1.0,
    1.0,
    1.0,
    1.0,
    1.0,
    1.0,
    1.0,
    1.0,
    1.0
  ],
  "val_macro_f1": [
    0.5281986250464512,
    0.5016520449956983,
    0.5339399786646489,
    0.5180521510160484,
    0.5731641171859879,
    0.5433198168220591,
    0.5287522472973292,
    0.5491695340045027,
    0.531816510387939,
    0.5577384747941512,
    0.6136092890235142,
    0.6377566652688672,
    0.6075788803482536,
    0.5857298474945534,
    0.6632004605565182,
    0.7128163007627294,
    0.8036157374827325,
    0.8246956426994306,
    0.8178702557096943,
    0.8494621423485992,
    0.8562061868284928,
    0.8903019761179154,
    0.8823988166159187,
    0.8955820603435173,
    0.8889112334105936,
    0.8949032486557842,
    0.9642371882290058,
    0.9489604109692321,
    0.9486639409408287,
    0.9691711389385809,
    0.9691711389385809,
    0.9691711389385809,
    0.9753188859735024,
    0.9691711389385809,
    0.9691711389385809,
    0.9800969850305714,
    0.9740461884627748,
    0.9836452035247216,
    0.9895156606819434,
    0.9800969850305714,
    0.9895156606819434,
    0.9895156606819434,
    0.9941679235796883,
    0.9941679235796883,
    0.9941679235796883,
    0.9941679235796883,
    0.9941679235796883,
    1.0,
    0.9941679235796883,
    1.0,
    1.0,
    1.0,
    1.0,
    1.0,
    1.0,
    1.0,
    1.0,
    1.0,
    1.0,
    1.0,
    1.0,
    1.0,
    1.0
  ],
  "val_weighted_f1": [
    0.5639516825836166,
    0.5387622514237226,
    0.5770540534756972,
    0.5592967328985028,
    0.6153076780530541,
    0.5849774864406312,
    0.5759720121753756,
    0.5908574280040644,
    0.5801684513507173,
    0.6028794372956803,
    0.6594729124280532,
    0.6799181075433313,
    0.6495207361641233,
    0.6325182180151754,
    0.7126936353719778,
    0.7612542783571108,
    0.8402671162268581,
    0.859578848682891,
    0.855470738170902,
    0.8794532862319078,
    0.8850392485517673,
    0.9084574231485832,
    0.9051862895997832,
    0.9143928926154797,
    0.9097929292523073,
    0.9141857932233535,
    0.958430376218925,
    0.9520867470671138,
    0.9457139069405306,
    0.9645487631854913,
    0.9645487631854913,
    0.9645487631854913,
    0.9706776387620443,
    0.9645487631854913,
    0.9645487631854913,
    0.9766305335630731,
    0.9706119809318693,
    0.9826037762265433,
    0.9884171150457136,
    0.9766305335630731,
    0.9884171150457136,
    0.9884171150457136,
    0.9942650092751512,
    0.9942650092751512,
    0.9942650092751512,
    0.9942650092751512,
    0.9942650092751512,
    1.0,
    0.9942650092751512,
    1.0,
    1.0,
    1.0,
    1.0,
    1.0,
    1.0,
    1.0,
    1.0,
    1.0,
    1.0,
    1.0,
    1.0,
    1.0,
    1.0
  ],