{
  "train_loss": [
    1.7201481819152833,
    1.5855268687009811,
    1.4684731602668761,
    1.3585638463497163,
    1.2728643268346786,
    1.2387162834405898,
    1.1662330061197281,
    1.0994848519563676,
    1.0437091276049615,
    0.9871526286005974,
    0.9418222337961197,
    0.9698047995567322,
    0.9205824226140976,
    0.9101429373025894,
    0.9309005036950111,
    0.8703278541564942,
    0.8267110750079155,
    0.8097028478980064,
    0.724716517329216,
    0.7431164517998695,
    0.7193807438015938,
    0.7051255114376545,
    0.6607156544923782,
    0.6845100715756416,
    0.6963784106075763,
    0.6165077984333038,
    0.592824088782072,
    0.5469879418611526,
    0.5437023133039475,
    0.5094545498490334,
    0.48608453348279,
    0.4615854829549789,
    0.44868144690990447,
    0.45995633229613303,
    0.44145114421844484,
    0.43409165665507315,
    0.3645953442901373,
    0.378304186463356,
    0.32019448690116403,
    0.30435139015316964,
    0.2942012894898653,
    0.27700134441256524,
    0.26011773981153963,
    0.24901654608547688,
    0.2535922106355429,
    0.2340815532952547,
    0.22201596349477767,
    0.19326665066182613,
    0.16626052539795638,
    0.14240672010928393,
    0.1552226385101676,
    0.13617821391671897
  ],
  "val_loss": [
    1.717491626739502,
    1.6306405464808147,
    1.5622557004292805,
    1.4969581365585327,
    1.45634921391805,
    1.410587191581726,
    1.369213581085205,
    1.33278226852417,
    1.3010283311208088,
    1.2595873077710469,
    1.234549343585968,
    1.211406668027242,
    1.2074804703394573,
    1.1999932527542114,
    1.2112772663434346,
    1.1429949601491292,
    1.0915748675664265,
    1.058568298816681,
    1.0043607950210571,
    0.9611623287200928,
    0.9397575259208679,
    0.9109797477722168,
    0.9017411867777506,
    0.8985514442125956,
    0.8961363037427267,
    0.8379885156949362,
    0.7793485422929128,
    0.7308213512102762,
    0.6759709318478903,
    0.6323308944702148,
    0.6190606852372488,
    0.5988197922706604,
    0.5730540057023367,
    0.5690192878246307,
    0.571673740943273,
    0.513994167248408,
    0.462946022550265,
    0.4203987667957942,
    0.38068005442619324,
    0.35474899659554165,
    0.3360336621602376,
    0.3088044871886571,
    0.29998525232076645,
    0.29895301908254623,
    0.2930234794815381,
    0.2545792907476425,
    0.21219728142023087,
    0.20044267922639847,
    0.18011311193307242,
    0.16599446907639503,
    0.13761500641703606,
    0.14310985679427782
  ],
  "val_accuracy": [
    0.4111111111111111,
    0.45555555555555555,
    0.4888888888888889,
    0.5444444444444444,
    0.5111111111111111,
    0.5222222222222223,
    0.5,
    0.5222222222222223,
    0.4888888888888889,
    0.5333333333333333,
    0.5555555555555556,
    0.5777777777777777,
    0.5444444444444444,
    0.5444444444444444,
    0.4666666666666667,
    0.6222222222222222,
    0.7,
    0.6555555555555556,
    0.8333333333333334,
    0.8666666666666667,
    0.8777777777777778,
    0.9111111111111111,
    0.9,
    0.9,
    0.8888888888888888,
    0.9222222222222223,
    0.9444444444444444,
    0.9666666666666667,
    0.9777777777777777,
    0.9777777777777777,
    0.9777777777777777,
    0.9777777777777777,
    0.9777777777777777,
    0.9888888888888889,
    0.9777777777777777,
    0.9888888888888889,
    1.0,
    1.0,
    0.9888888888888889,
    0.9888888888888889,
    1.0,
    1.0,
    1.0,
    1.0,
    1.0,
    1.0,
    1.0,
    1.0,
    1.0,
    1.0,
    1.0,
    1.0
  ],
  "val_macro_f1": [
    0.39281137259779514,
    0.4332972582972583,
    0.48726947611520305,
    0.534522554469363,
    0.505540332074859,
    0.5195055413469737,
    0.4907848324514991,
    0.5186627382279557,
    0.4822510822510822,
    0.5295568952218569,
    0.5333430458430458,
    0.5583239473954699,
    0.5360305958132046,
    0.5360305958132046,
    0.4527834738361054,
    0.6094951825000784,
    0.6833740333740334,
    0.6161918328584994,
    0.7876963758483481,
    0.826721189225878,
    0.840790453295142,
    0.875797524252217,
    0.8649847395423734,
    0.8649847395423734,
    0.8543990796039971,
    0.888888888888889,
    0.9169137806637807,
    0.9489850427350427,
    0.9682589786756454,
    0.9682589786756454,
    0.9682589786756454,
    0.9682589786756454,
    0.9682589786756454,
    0.9797979797979798,
    0.9682589786756454,
    0.9797979797979798,
    1.0,
    1.0,
    0.9797979797979798,
    0.9797979797979798,
    1.0,
    1.0,
    1.0,
    1.0,
    1.0,
    1.0,
    1.0,
    1.0,
    1.0,
    1.0,
    1.0,
    1.0
  ],
  "val_weighted_f1": [
    0.4332256983159602,
    0.49318662818662823,
    0.5459921822740913,
    0.5997958064447426,
    0.5678601198933678,
    0.5848078052477029,
    0.5557642563198119,
    0.5864095485834616,
    0.5465416065416064,
    0.5982534946345688,
    0.6052246827246827,
    0.6341449347492485,
    0.607007514761138,
    0.607007514761138,
    0.5139955950482266,
    0.6843148584042097,
    0.7565893365893366,
    0.6971256726812283,
    0.8569276456541036,
    0.8869814427813302,
    0.8970584028582904,
    0.922509001021536,
    0.9146118101586589,
    0.9146118101586589,
    0.9065133643727484,
    0.9314814814814816,
    0.9492641895141894,
    0.9678240740740741,
    0.9777941451552563,
    0.9777941451552563,
    0.9777941451552563,
    0.9777941451552563,
    0.9777941451552563,
    0.9892255892255892,
    0.9777941451552563,
    0.9892255892255892,
    1.0,
    1.0,
    0.9892255892255892,
    0.9892255892255892,
    1.0,
    1.0,
    1.0,
    1.0,
    1.0,
    1.0,
    1.0,
    1.0,
    1.0,
    1.0,
    1.0,
    1.0
  ],
  "lr": [
    0.0001,
    9.755282581475769e-05,
    9.045084971874738e-05,
    7.938926261462366e-05,
    6.545084971874738e-05,
    1e-05,
    9.755282581475769e-06,
    9.045084971874738e-06,
    7.938926261462366e-06,
    6.545084971874738e-06,
    5e-06,
    3.4549150281252635e-06,
    2.061073738537635e-06,
    9.549150281252633e-07,
    2.447174185242324e-07,
    1e-05,
    9.755282581475769e-06,
    9.045084971874738e-06,
    7.938926261462366e-06,
    6.545084971874738e-06,
    5e-06,
    3.4549150281252635e-06,
    2.061073738537635e-06,
    9.549150281252633e-07,
    2.447174185242324e-07,
    1e-05,
    9.755282581475769e-06,
    9.045084971874738e-06,
    7.938926261462366e-06,
    6.545084971874738e-06,
    5e-06,
    3.4549150281252635e-06,
    2.061073738537635e-06,
    9.549150281252633e-07,
    2.447174185242324e-07,
    1e-05,
    9.755282581475769e-06,
    9.045084971874738e-06,
    7.938926261462366e-06,
    6.545084971874738e-06,
    5e-06,
    3.4549150281252635e-06,
    2.061073738537635e-06,
    9.549150281252633e-07,
    2.447174185242324e-07,
    1e-05,
    9.755282581475769e-06,
    9.045084971874738e-06,
    7.938926261462366e-06,
    6.545084971874738e-06,
    5e-06,
    3.4549150281252635e-06
  ]
}