{
  "train_loss": [
    1.7290322115254957,
    1.5713849012241807,
    1.4214156727458156,
    1.3384166456932245,
    1.2494311887164449,
    1.1535770602004474,
    1.0795414420061333,
    1.0416445302408794,
    0.9696163770764373,
    0.9347596681395243,
    0.903563353904458,
    0.8728045613266701,
    0.8508098153180854,
    0.8356296059697174,
    0.7999812433885973,
    0.8403089060339817,
    0.7706358405046685,
    0.7379135170648264,
    0.6636376914589904,
    0.6494687760985175,
    0.6404529948567235,
    0.6336474425570909,
    0.5977347576340963,
    0.5796408008697421,
    0.5872097743111987,
    0.5604033033515132,
    0.5100018271180087,
    0.4683524640493615,
    0.45350431217703707,
    0.4590309726637463,
    0.36923750126084615,
    0.38357305388117946,
    0.35019834270310957,
    0.37719343671965044,
    0.38023586917755214,
    0.3650932980831279,
    0.31344999130382095,
    0.27738208618274957,
    0.24580720448216728,
    0.25417398262855617,
    0.21896044008953627,
    0.2104194122691487,
    0.2107908635638481,
    0.19523979030376257,
    0.1922109378285186,
    0.18859435184750445,
    0.17541498864112898,
    0.14076716244913812,
    0.1312284244354381,
    0.12363370776522992,
    0.12053869006245635,
    0.11099801195222278,
    0.106956857148298,
    0.10062834247946739,
    0.10346353452566058,
    0.09004910489500956
  ],
  "val_loss": [
    1.6673293312390645,
    1.5774142543474834,
    1.5028619766235352,
    1.4349881410598755,
    1.3790836930274963,
    1.3485788702964783,
    1.3058635294437408,
    1.2614904741446178,
    1.2276331682999928,
    1.1981760462125142,
    1.1750340263048809,
    1.1508152186870575,
    1.1358729998270671,
    1.133896400531133,
    1.1396853526433308,
    1.0723806321620941,
    1.0243975818157196,
    0.9593219955762228,
    0.9141972611347834,
    0.8733426431814829,
    0.8540863295396169,
    0.8351992120345434,
    0.8217052668333054,
    0.8050376127163569,
    0.8111088275909424,
    0.7394937723875046,
    0.6758524924516678,
    0.6316260894139608,
    0.5841427693764368,
    0.5425712491075197,
    0.5159044389923414,
    0.5016049866875013,
    0.5037277514735857,
    0.48151115079720813,
    0.4871728892127673,
    0.42750610907872516,
    0.39452002942562103,
    0.3435008687277635,
    0.31481635322173435,
    0.29259784147143364,
    0.26144133135676384,
    0.2589928172528744,
    0.2509027135868867,
    0.24445638060569763,
    0.24039637297391891,
    0.21329268937309584,
    0.18663178632656732,
    0.1562134437263012,
    0.1545361615717411,
    0.13220160516599813,
    0.11869208514690399,
    0.11170091480016708,
    0.11018175538629293,
    0.10326832439750433,
    0.10793304319183032,
    0.09271200249592464
  ],
  "val_accuracy": [
    0.5632183908045977,
    0.5689655172413793,
    0.5114942528735632,
    0.6724137931034483,
    0.6436781609195402,
    0.5344827586206896,
    0.47701149425287354,
    0.5517241379310345,
    0.5,
    0.5344827586206896,
    0.5919540229885057,
    0.5747126436781609,
    0.6091954022988506,
    0.6206896551724138,
    0.6551724137931034,
    0.7471264367816092,
    0.7528735632183908,
    0.8390804597701149,
    0.9022988505747126,
    0.8850574712643678,
    0.9022988505747126,
    0.896551724137931,
    0.9597701149425287,
    0.9252873563218391,
    0.9195402298850575,
    0.9712643678160919,
    0.9655172413793104,
    0.9770114942528736,
    0.9827586206896551,
    0.9827586206896551,
    0.9942528735632183,
    0.9885057471264368,
    0.9827586206896551,
    0.9942528735632183,
    0.9827586206896551,
    0.9885057471264368,
    0.9885057471264368,
    0.9942528735632183,
    0.9942528735632183,
    0.9942528735632183,
    1.0,
    0.9942528735632183,
    0.9942528735632183,
    1.0,
    1.0,
    0.9942528735632183,
    0.9942528735632183,
    1.0,
    1.0,
    1.0,
    1.0,
    1.0,
    1.0,
    1.0,
    1.0,
    1.0
  ],
  "val_macro_f1": [
    0.5376854467371709,
    0.5621643331659477,
    0.5224284120191843,
    0.6751737049870189,
    0.6500009205707776,
    0.5304892219031286,
    0.47997998728979524,
    0.5474395003574434,
    0.4855626950111899,
    0.5260331273235876,
    0.5966072565415336,
    0.5589942666692568,
    0.6006580261964646,
    0.6093325279371791,
    0.6403038130027029,
    0.7286514626175674,
    0.7330685187493736,
    0.8119539561755795,
    0.8758627972712487,
    0.8592844599233324,
    0.8768803390012363,
    0.8709451842457548,
    0.9421883964429144,
    0.9018961251628177,
    0.8952231629078987,
    0.9584489711856321,
    0.952367484827648,
    0.9662314156431804,
    0.9750707013574661,
    0.9761665710460892,
    0.9901895206243032,
    0.9842773159988633,
    0.9784068588416415,
    0.9901895206243032,
    0.9784068588416415,
    0.9842773159988633,
    0.9842773159988633,
    0.9941679235796883,
    0.9941679235796883,
    0.9941679235796883,
    1.0,
    0.9941679235796883,
    0.9941679235796883,
    1.0,
    1.0,
    0.9941679235796883,
    0.9941679235796883,
    1.0,
    1.0,
    1.0,
    1.0,
    1.0,
    1.0,
    1.0,
    1.0,
    1.0
  ],
  "val_weighted_f1": [
    0.5769324957642437,
    0.6162383044901759,
    0.5726153372461121,
    0.7346834388372,
    0.7086971345761701,
    0.5842436315169315,
    0.5272958068676729,
    0.6004831047480573,
    0.536579516244091,
    0.5804713540186187,
    0.6531147724402842,
    0.6151721265556,
    0.6614701270688943,
    0.6695428335364182,
    0.704958366132965,
    0.7884024960558936,
    0.789953784327395,
    0.8648961284599118,
    0.9165315810411743,
    0.901109203174933,
    0.914433949227941,
    0.9096585373557143,
    0.9626697471330313,
    0.9343510715848019,
    0.9276569110018136,
    0.9725539738122088,
    0.9665344358524196,
    0.9776476036922284,
    0.9830700859035038,
    0.9828616601051167,
    0.9943336024295545,
    0.9885074313333528,
    0.9826940925141826,
    0.9943336024295545,
    0.9826940925141826,
    0.9885074313333528,
    0.9885074313333528,
    0.9942650092751512,
    0.9942650092751512,
    0.9942650092751512,
    1.0,
    0.9942650092751512,
    0.9942650092751512,
    1.0,
    1.0,
    0.9942650092751512,
    0.9942650092751512,
    1.0,
    1.0,
    1.0,
    1.0,
    1.0,
    1.0,
    1.0,
    1.0,
    1.0
  ],
  "lr": [
    0.0001,
    9.755282581475769e-05,
    9.045084971874738e-05,
    7.938926261462366e-05,
    6.545084971874738e-05,
    1e-05,
    9.755282581475769e-06,
    9.045084971874738e-06,
    7.938926261462366e-06,
    6.545084971874738e-06,
    5e-06,
    3.4549150281252635e-06,
    2.061073738537635e-06,
    9.549150281252633e-07,
    2.447174185242324e-07,
    1e-05,
    9.755282581475769e-06,
    9.045084971874738e-06,
    7.938926261462366e-06,
    6.545084971874738e-06,
    5e-06,
    3.4549150281252635e-06,
    2.061073738537635e-06,
    9.549150281252633e-07,
    2.447174185242324e-07,
    1e-05,
    9.755282581475769e-06,
    9.045084971874738e-06,
    7.938926261462366e-06,
    6.545084971874738e-06,
    5e-06,
    3.4549150281252635e-06,
    2.061073738537635e-06,
    9.549150281252633e-07,
    2.447174185242324e-07,
    1e-05,
    9.755282581475769e-06,
    9.045084971874738e-06,
    7.938926261462366e-06,
    6.545084971874738e-06,
    5e-06,
    3.4549150281252635e-06,
    2.061073738537635e-06,
    9.549150281252633e-07,
    2.447174185242324e-07,
    1e-05,
    9.755282581475769e-06,
    9.045084971874738e-06,
    7.938926261462366e-06,
    6.545084971874738e-06,
    5e-06,
    3.4549150281252635e-06,
    2.061073738537635e-06,
    9.549150281252633e-07,
    2.447174185242324e-07,
    1e-05
  ]
}