{
  "train_loss": [
    1.7354833248049715,
    1.6720126673232678,
    1.582067561704059,
    1.5771151448405065,
    1.5628284326819486,
    1.5260330216829168,
    1.5738948167756546,
    1.5552075241887293,
    1.4927165868670442,
    1.5455601381701092,
    1.4845137318899466,
    1.519112886384476,
    1.4925830752350564,
    1.4676715412805246,
    1.5042383781699247,
    1.468069353768992
  ],
  "val_loss": [
    1.7834233045578003,
    1.7993011474609375,
    1.8193916082382202,
    1.8659693002700806,
    1.8767446875572205,
    1.888658622900645,
    1.9218069712320964,
    1.9041448434193928,
    1.9048689405123393,
    1.9166141351064045,
    1.942653775215149,
    1.9403629899024963,
    1.9461563030878704,
    1.9412419597307842,
    1.9550185600916545,
    1.9373978575070698
  ],
  "val_accuracy": [
    0.06321839080459771,
    0.06321839080459771,
    0.06321839080459771,
    0.06321839080459771,
    0.06321839080459771,
    0.06321839080459771,
    0.06321839080459771,
    0.06321839080459771,
    0.06321839080459771,
    0.06321839080459771,
    0.06321839080459771,
    0.06321839080459771,
    0.06321839080459771,
    0.06321839080459771,
    0.06321839080459771,
    0.06321839080459771
  ],
  "val_macro_f1": [
    0.019819819819819822,
    0.019819819819819822,
    0.019819819819819822,
    0.019819819819819822,
    0.019819819819819822,
    0.019819819819819822,
    0.019819819819819822,
    0.019819819819819822,
    0.019819819819819822,
    0.019819819819819822,
    0.019819819819819822,
    0.019819819819819822,
    0.019819819819819822,
    0.019819819819819822,
    0.019819819819819822,
    0.019819819819819822
  ],
  "val_weighted_f1": [
    0.007517862690276483,
    0.007517862690276483,
    0.007517862690276483,
    0.007517862690276483,
    0.007517862690276483,
    0.007517862690276483,
    0.007517862690276483,
    0.007517862690276483,
    0.007517862690276483,
    0.007517862690276483,
    0.007517862690276483,
    0.007517862690276483,
    0.007517862690276483,
    0.007517862690276483,
    0.007517862690276483,
    0.007517862690276483
  ],
  "lr": [
    0.0001,
    9.755282581475769e-05,
    9.045084971874738e-05,
    7.938926261462366e-05,
    6.545084971874738e-05,
    1e-05,
    9.755282581475769e-06,
    9.045084971874738e-06,
    7.938926261462366e-06,
    6.545084971874738e-06,
    5e-06,
    3.4549150281252635e-06,
    2.061073738537635e-06,
    9.549150281252633e-07,
    2.447174185242324e-07,
    1e-05
  ]
}