{
  "train_loss": [
    1.7278777539730072,
    1.5755450516939162,
    1.4547065645456314,
    1.3486460030078888,
    1.2679256707429887,
    1.2256948977708817,
    1.1579005628824235,
    1.115675190091133,
    1.0234898626804352,
    0.9664481028914451,
    0.9318672627210617,
    0.9699015945196152,
    0.926691547036171,
    0.8602172836661339,
    0.9350477620959282,
    0.8547311082482338,
    0.8145838543772698,
    0.8179988950490952,
    0.7194356545805931,
    0.7170342780649662,
    0.7052680402994156,
    0.659765875339508,
    0.6382830560207366,
    0.6819403685629368,
    0.6542648352682591,
    0.630076426267624,
    0.5619224734604359,
    0.5383135430514813,
    0.5267275832593441,
    0.47774161621928213,
    0.4736432209610939,
    0.4587767258286476,
    0.4587521642446518,
    0.4698464162647724,
    0.42397656589746474,
    0.4093995541334152,
    0.3624672990292311,
    0.3572811484336853,
    0.3345095682889223,
    0.31712648160755635,
    0.29456525631248953,
    0.2589366167783737,
    0.2575966641306877,
    0.24888984858989716
  ],
  "val_loss": [
    1.7098467747370403,
    1.62194828192393,
    1.5516996781031291,
    1.4860737721125286,
    1.4398491382598877,
    1.396428386370341,
    1.3538195689519246,
    1.3127554257710774,
    1.2767499685287476,
    1.244430939356486,
    1.2221137285232544,
    1.204928954442342,
    1.1901203791300456,
    1.18614000082016,
    1.1870346864064534,
    1.1184928218523662,
    1.0747254093488057,
    1.0331459442774455,
    0.9867538412412008,
    0.936258594195048,
    0.9170982440312704,
    0.8839044372240702,
    0.86844469110171,
    0.8778069615364075,
    0.8728003402551016,
    0.8207868238290151,
    0.7561157941818237,
    0.7046148975690206,
    0.6554759045441946,
    0.6166979273160299,
    0.593237559000651,
    0.5732723673184713,
    0.5599739799896876,
    0.5545278588930765,
    0.5501098136107127,
    0.49525363246599835,
    0.4478880812724431,
    0.40794743597507477,
    0.35986869285504025,
    0.33576014389594394,
    0.3183615654706955,
    0.2923813809951146,
    0.289058618247509,
    0.28307412813107174
  ],
  "val_accuracy": [
    0.4111111111111111,
    0.5222222222222223,
    0.5777777777777777,
    0.5555555555555556,
    0.5333333333333333,
    0.5333333333333333,
    0.4777777777777778,
    0.5111111111111111,
    0.5444444444444444,
    0.5222222222222223,
    0.5444444444444444,
    0.5777777777777777,
    0.5777777777777777,
    0.6,
    0.6,
    0.6666666666666666,
    0.7111111111111111,
    0.6333333333333333,
    0.7666666666666667,
    0.8777777777777778,
    0.7888888888888889,
    0.9,
    0.9222222222222223,
    0.8666666666666667,
    0.9,
    0.9222222222222223,
    0.9777777777777777,
    0.9888888888888889,
    1.0,
    1.0,
    1.0,
    1.0,
    1.0,
    1.0,
    1.0,
    1.0,
    1.0,
    1.0,
    1.0,
    1.0,
    1.0,
    1.0,
    1.0,
    1.0
  ],
  "val_macro_f1": [
    0.37711556189323875,
    0.5011372804007274,
    0.56005291005291,
    0.5354184071289335,
    0.5175925925925926,
    0.5092069604906575,
    0.4620600864021917,
    0.4897799005642143,
    0.5056642832571625,
    0.4836032707811355,
    0.5025871459694989,
    0.542610959112327,
    0.5527116402116402,
    0.5688792688792689,
    0.5711047479322029,
    0.6403419277561154,
    0.688411548194157,
    0.6011544011544012,
    0.7403439153439154,
    0.8481162196679438,
    0.7603703703703704,
    0.8693175908356174,
    0.8948715651135006,
    0.8350264550264551,
    0.8704038880509469,
    0.8952813390313391,
    0.971043771043771,
    0.9912457912457913,
    1.0,
    1.0,
    1.0,
    1.0,
    1.0,
    1.0,
    1.0,
    1.0,
    1.0,
    1.0,
    1.0,
    1.0,
    1.0,
    1.0,
    1.0,
    1.0
  ],
  "val_weighted_f1": [
    0.41347910004897304,
    0.5504158340639214,
    0.6104938271604938,
    0.5908463287849253,
    0.571358024691358,
    0.567711775053767,
    0.5175435523242541,
    0.546799433923617,
    0.5720746719740527,
    0.5466392113082557,
    0.5685872497147008,
    0.6094187313168161,
    0.6157363315696649,
    0.6323280423280424,
    0.640503962510743,
    0.70667251837351,
    0.7514519592055824,
    0.668080808080808,
    0.8039594356261023,
    0.8970008514261388,
    0.8185432098765432,
    0.9108939958301121,
    0.9313976503385105,
    0.8837954144620811,
    0.9102106027596223,
    0.9279475308641976,
    0.9780695847362514,
    0.9888439955106622,
    1.0,
    1.0,
    1.0,
    1.0,
    1.0,
    1.0,
    1.0,
    1.0,
    1.0,
    1.0,
    1.0,
    1.0,
    1.0,
    1.0,
    1.0,
    1.0
  ],
  "lr": [
    0.0001,
    9.755282581475769e-05,
    9.045084971874738e-05,
    7.938926261462366e-05,
    6.545084971874738e-05,
    1e-05,
    9.755282581475769e-06,
    9.045084971874738e-06,
    7.938926261462366e-06,
    6.545084971874738e-06,
    5e-06,
    3.4549150281252635e-06,
    2.061073738537635e-06,
    9.549150281252633e-07,
    2.447174185242324e-07,
    1e-05,
    9.755282581475769e-06,
    9.045084971874738e-06,
    7.938926261462366e-06,
    6.545084971874738e-06,
    5e-06,
    3.4549150281252635e-06,
    2.061073738537635e-06,
    9.549150281252633e-07,
    2.447174185242324e-07,
    1e-05,
    9.755282581475769e-06,
    9.045084971874738e-06,
    7.938926261462366e-06,
    6.545084971874738e-06,
    5e-06,
    3.4549150281252635e-06,
    2.061073738537635e-06,
    9.549150281252633e-07,
    2.447174185242324e-07,
    1e-05,
    9.755282581475769e-06,
    9.045084971874738e-06,
    7.938926261462366e-06,
    6.545084971874738e-06,
    5e-06,
    3.4549150281252635e-06,
    2.061073738537635e-06,
    9.549150281252633e-07
  ]
}