{
  "train_loss": [
    1.7075300521628802,
    1.536633893500927,
    1.401145194852075,
    1.3049144301303597,
    1.2547440722931262,
    1.165495135063349,
    1.0970862396927767,
    1.0326926791390707,
    1.0040970527848532,
    0.9226709368617035,
    0.8898148079251134,
    0.909162885920946,
    0.9071195583010829,
    0.8413229515386182,
    0.8656245982924173,
    0.803020297094833,
    0.803340633248174,
    0.7646378583686296,
    0.7177437717138335,
    0.6772746360579203,
    0.7238436202670253,
    0.6391399648300436,
    0.6452885859234389,
    0.6033383670241333,
    0.6256426191607187,
    0.5761927906856981,
    0.5697775496992954,
    0.5204487380593322,
    0.5084878608237865,
    0.46250702059546184,
    0.4314883288949035,
    0.42865643875543463,
    0.4343687600867693,
    0.41391549415366596,
    0.4467072611631349,
    0.3986590137315351,
    0.3631840174974397,
    0.3425043350042299,
    0.3123701641032862,
    0.29632097136142643,
    0.26790040731430054,
    0.26673709930375566,
    0.2765066003383592,
    0.24956152293571207,
    0.24460698421611343,
    0.21459127373473588,
    0.2180473506450653,
    0.1930039904491846,
    0.16941055586171705,
    0.15504577270773953,
    0.1515029900988867,
    0.12960384890090587,
    0.14298371823374614,
    0.14261575563009396,
    0.142496413096439,
    0.13149289769488712,
    0.10647693787549817,
    0.09870262833875279,
    0.09148737874835036,
    0.07667876112946244,
    0.08183346385526102,
    0.07338771405954693,
    0.07249249803812005,
    0.06911412591851035,
    0.07047500643272732,
    0.07317279287895491,
    0.0636303760111332,
    0.053907290317637975
  ],
  "val_loss": [
    1.7181907892227173,
    1.6359021266301472,
    1.572330156962077,
    1.502185622851054,
    1.4568782250086467,
    1.4181676705678303,
    1.3829829494158428,
    1.3404627641042073,
    1.305596838394801,
    1.2807042996088664,
    1.250790109237035,
    1.2379937966664631,
    1.2251104215780895,
    1.2207158009211223,
    1.2124472459157307,
    1.1699882745742798,
    1.1137843827406566,
    1.0614105860392253,
    1.0310168266296387,
    0.9911167422930399,
    0.9585139453411102,
    0.9280700981616974,
    0.9158465166886648,
    0.9115943610668182,
    0.9135125080744425,
    0.8529916852712631,
    0.8050749997297922,
    0.7450334429740906,
    0.7056794414917628,
    0.6692582964897156,
    0.6367958188056946,
    0.6163526823123296,
    0.6010321726401647,
    0.5924703801671664,
    0.6036975284417471,
    0.540304477016131,
    0.4914849077661832,
    0.4490814556678136,
    0.40521127233902615,
    0.38051317259669304,
    0.35098938023050624,
    0.34068238611022633,
    0.3357374792297681,
    0.33743709574143094,
    0.32864634071787197,
    0.29745613783597946,
    0.256763285646836,
    0.2254968968530496,
    0.20470012972752252,
    0.19350584099690119,
    0.18218636636932692,
    0.17567300548156103,
    0.1622440442442894,
    0.15705584672590098,
    0.16688579382995763,
    0.1429486901809772,
    0.11821556836366653,
    0.10666900624831517,
    0.09806758227447669,
    0.0838282248005271,
    0.08445366937667131,
    0.08480970126887162,
    0.07637062730888526,
    0.07767526153475046,
    0.07101827425261338,
    0.0717600950350364,
    0.06007002852857113,
    0.05780895923574766
  ],
  "val_accuracy": [
    0.22988505747126436,
    0.3620689655172414,
    0.40804597701149425,
    0.4425287356321839,
    0.47126436781609193,
    0.4540229885057471,
    0.40229885057471265,
    0.42528735632183906,
    0.4827586206896552,
    0.4942528735632184,
    0.5057471264367817,
    0.4425287356321839,
    0.5919540229885057,
    0.5344827586206896,
    0.5517241379310345,
    0.6436781609195402,
    0.7298850574712644,
    0.7758620689655172,
    0.8103448275862069,
    0.8563218390804598,
    0.8793103448275862,
    0.896551724137931,
    0.896551724137931,
    0.9310344827586207,
    0.9195402298850575,
    0.9482758620689655,
    0.9310344827586207,
    0.9655172413793104,
    0.9655172413793104,
    0.9712643678160919,
    0.9597701149425287,
    0.9827586206896551,
    0.9770114942528736,
    0.9770114942528736,
    0.9712643678160919,
    0.9885057471264368,
    0.9770114942528736,
    0.9885057471264368,
    0.9942528735632183,
    0.9942528735632183,
    0.9942528735632183,
    0.9942528735632183,
    0.9942528735632183,
    0.9885057471264368,
    0.9885057471264368,
    0.9942528735632183,
    0.9942528735632183,
    0.9942528735632183,
    0.9942528735632183,
    0.9942528735632183,
    0.9942528735632183,
    0.9942528735632183,
    1.0,
    0.9942528735632183,
    0.9942528735632183,
    1.0,
    1.0,
    1.0,
    1.0,
    1.0,
    1.0,
    1.0,
    1.0,
    1.0,
    1.0,
    1.0,
    1.0,
    1.0
  ],
  "val_macro_f1": [
    0.21821929730824996,
    0.3639496468443837,
    0.41821261250983904,
    0.46281324660864187,
    0.4760646516029183,
    0.4678009319202186,
    0.4047462094668463,
    0.4193670324496595,
    0.4774937699872186,
    0.49377035628626237,
    0.4872478748608926,
    0.4252358298135562,
    0.573069846901899,
    0.5199354875730353,
    0.5396890335765813,
    0.6258047472045914,
    0.7056487016804477,
    0.748303352215672,
    0.7815560472330728,
    0.8256727848372053,
    0.850062656641604,
    0.8688633461047255,
    0.8685415268590418,
    0.9070097286226319,
    0.8945141502017245,
    0.9292566488961177,
    0.9081279472443265,
    0.9538626964433417,
    0.9567266384850672,
    0.9625379101185554,
    0.9480514248098535,
    0.9784068588416415,
    0.9725669727522118,
    0.9683706816059758,
    0.9625379101185554,
    0.9842773159988633,
    0.9725669727522118,
    0.9842773159988633,
    0.9941679235796883,
    0.9941679235796883,
    0.9941679235796883,
    0.9941679235796883,
    0.9941679235796883,
    0.9883814102564102,
    0.9842773159988633,
    0.9941679235796883,
    0.9941679235796883,
    0.9941679235796883,
    0.9941679235796883,
    0.9941679235796883,
    0.9941679235796883,
    0.9941679235796883,
    1.0,
    0.9941679235796883,
    0.9941679235796883,
    1.0,
    1.0,
    1.0,
    1.0,
    1.0,
    1.0,
    1.0,
    1.0,
    1.0,
    1.0,
    1.0,
    1.0,
    1.0
  ],
  "val_weighted_f1": [
    0.22720696791220713,
    0.4075310402442889,
    0.46391253472897886,
    0.5119865253277289,
    0.5330183611364921,
    0.5179726285165845,
    0.4483928525391434,
    0.4671532897990379,
    0.5307192045639006,
    0.5421328954416452,
    0.544633339837415,
    0.4756529916175717,
    0.6299343379758967,
    0.5789049978770199,
    0.5942746438932176,
    0.6825641190056576,
    0.7655739373035486,
    0.8070706753157286,
    0.8379503207998367,
    0.872157012881058,
    0.8918135856883589,
    0.9073017131281104,
    0.9069355050209533,
    0.9364081783992797,
    0.9257864422737226,
    0.9511000915011908,
    0.9344774548512659,
    0.9662080374204957,
    0.9656317513477513,
    0.9714438169666201,
    0.9603959718016268,
    0.9826940925141826,
    0.9768828306479749,
    0.9772489455552336,
    0.9714438169666201,
    0.9885074313333528,
    0.9768828306479749,
    0.9885074313333528,
    0.9942650092751512,
    0.9942650092751512,
    0.9942650092751512,
    0.9942650092751512,
    0.9942650092751512,
    0.988547192749779,
    0.9885074313333528,
    0.9942650092751512,
    0.9942650092751512,
    0.9942650092751512,
    0.9942650092751512,
    0.9942650092751512,
    0.9942650092751512,
    0.9942650092751512,
    1.0,
    0.9942650092751512,
    0.9942650092751512,
    1.0,
    1.0,
    1.0,
    1.0,
    1.0,
    1.0,
    1.0,
    1.0,
    1.0,
    1.0,
    1.0,
    1.0,
    1.0
  ],