{
  "train_loss": [
    1.689981269281964,
    1.5106347688408786,
    1.3650631793709689,
    1.2367723015851753,
    1.142240554787392,
    1.1035908266555432,
    1.011856917725053,
    0.9565275408500848,
    0.8803389488264571,
    0.8025109934252362,
    0.8186233806055646,
    0.8238338287486586,
    0.7627066567886708,
    0.7248619649299356,
    0.7867904665858246,
    0.769539661185686,
    0.685237760460654,
    0.6683276559031287,
    0.6313933418240658,
    0.5822543418684671,
    0.5908828183662059,
    0.5451514346655025,
    0.5418171563813853,
    0.5505933352681094,
    0.528788672630177,
    0.5169511596823848,
    0.4422408259192178,
    0.40839306143827214,
    0.38629896626916044,
    0.3708207004292067,
    0.3700743594834971,
    0.3383074655782345,
    0.33350806977859765,
    0.321353682944941,
    0.3279223688120066,
    0.2914915635835293,
    0.25154819945956386,
    0.23957752592341844,
    0.2360838208087655,
    0.20222284211668856,
    0.19234175997418027,
    0.19106605995533077,
    0.17239915752826734,
    0.17423801176076711,
    0.16906558115815007,
    0.14606064956548603,
    0.1431146255412767
  ],
  "val_loss": [
    1.6872721513112385,
    1.5877065658569336,
    1.5055004358291626,
    1.433144787947337,
    1.3731342554092407,
    1.3259469668070476,
    1.2940257887045543,
    1.2424950003623962,
    1.2033887008825939,
    1.1733065644900005,
    1.1381572981675465,
    1.1164003014564514,
    1.1179688274860382,
    1.102099061012268,
    1.1021902759869893,
    1.0358119408289592,
    0.9815093278884888,
    0.914561927318573,
    0.8750449021657308,
    0.8327433715264002,
    0.7979301363229752,
    0.7690829137961069,
    0.7599606662988663,
    0.7573905636866888,
    0.7485772222280502,
    0.6817794938882192,
    0.6339828222990036,
    0.5709538732965788,
    0.5288915087779363,
    0.4988276536266009,
    0.46814554929733276,
    0.4468296791116397,
    0.4274330561359723,
    0.4206101323167483,
    0.4318523555994034,
    0.3863355740904808,
    0.3403524023791154,
    0.30625030895074207,
    0.2718368259569009,
    0.2464636079967022,
    0.22495968143145242,
    0.22157140200336775,
    0.21875397364298502,
    0.20991806065042815,
    0.21542914087573686,
    0.1778318677097559,
    0.15961793685952821
  ],
  "val_accuracy": [
    0.3103448275862069,
    0.41379310344827586,
    0.4367816091954023,
    0.4885057471264368,
    0.5229885057471264,
    0.5229885057471264,
    0.47701149425287354,
    0.5,
    0.5574712643678161,
    0.5862068965517241,
    0.5977011494252874,
    0.6494252873563219,
    0.6206896551724138,
    0.7241379310344828,
    0.6551724137931034,
    0.7701149425287356,
    0.764367816091954,
    0.8333333333333334,
    0.8448275862068966,
    0.8735632183908046,
    0.896551724137931,
    0.896551724137931,
    0.9425287356321839,
    0.9310344827586207,
    0.9310344827586207,
    0.9540229885057471,
    0.9770114942528736,
    0.9885057471264368,
    0.9942528735632183,
    0.9942528735632183,
    0.9885057471264368,
    1.0,
    1.0,
    1.0,
    1.0,
    0.9942528735632183,
    0.9942528735632183,
    1.0,
    1.0,
    1.0,
    1.0,
    1.0,
    1.0,
    1.0,
    1.0,
    1.0,
    1.0
  ],
  "val_macro_f1": [
    0.2907793768848535,
    0.4280694498860882,
    0.444775400038558,
    0.4928697313908355,
    0.5328881576264464,
    0.5223466194234451,
    0.48139659359171555,
    0.5015551439603508,
    0.5569134550051654,
    0.5865806364014815,
    0.5932697906382116,
    0.6380081779547262,
    0.6150606393811057,
    0.7128900801898528,
    0.653286721482924,
    0.7539387647914945,
    0.7454330898201892,
    0.8056825801759125,
    0.8164524333013938,
    0.8473611256806235,
    0.8727552385083289,
    0.8727552385083289,
    0.9227074095495148,
    0.9104404685540589,
    0.9144642030110011,
    0.9379793464539228,
    0.9700824169543449,
    0.9855372577265583,
    0.9901895206243032,
    0.9941679235796883,
    0.9842773159988633,
    1.0,
    1.0,
    1.0,
    1.0,
    0.9941679235796883,
    0.9941679235796883,
    1.0,
    1.0,
    1.0,
    1.0,
    1.0,
    1.0,
    1.0,
    1.0,
    1.0,
    1.0
  ],
  "val_weighted_f1": [
    0.2994596676033341,
    0.4616827213923402,
    0.4832980254940327,
    0.5387430714019404,
    0.5813167247815928,
    0.5765506001044785,
    0.5284542354348915,
    0.5492536365850359,
    0.6124992395129433,
    0.6431013054860083,
    0.6503346052347867,
    0.6973072664246842,
    0.6714192747535173,
    0.7663177587634714,
    0.7086761991988967,
    0.8016362008211766,
    0.7904055141180989,
    0.8437820412053689,
    0.8533926935950353,
    0.8797165895570407,
    0.9014398219222327,
    0.9014398219222327,
    0.9446681469367494,
    0.9287522814241708,
    0.9314813345686456,
    0.9554236788602656,
    0.9768398223748448,
    0.9884857082001168,
    0.9943336024295545,
    0.9942650092751512,
    0.9885074313333528,
    1.0,
    1.0,
    1.0,
    1.0,
    0.9942650092751512,
    0.9942650092751512,
    1.0,
    1.0,
    1.0,
    1.0,
    1.0,
    1.0,
    1.0,
    1.0,
    1.0,
    1.0
  ],
  "lr": [
    0.0001,
    9.755282581475769e-05,
    9.045084971874738e-05,
    7.938926261462366e-05,
    6.545084971874738e-05,
    1e-05,
    9.755282581475769e-06,
    9.045084971874738e-06,
    7.938926261462366e-06,
    6.545084971874738e-06,
    5e-06,
    3.4549150281252635e-06,
    2.061073738537635e-06,
    9.549150281252633e-07,
    2.447174185242324e-07,
    1e-05,
    9.755282581475769e-06,
    9.045084971874738e-06,
    7.938926261462366e-06,
    6.545084971874738e-06,
    5e-06,
    3.4549150281252635e-06,
    2.061073738537635e-06,
    9.549150281252633e-07,
    2.447174185242324e-07,
    1e-05,
    9.755282581475769e-06,
    9.045084971874738e-06,
    7.938926261462366e-06,
    6.545084971874738e-06,
    5e-06,
    3.4549150281252635e-06,
    2.061073738537635e-06,
    9.549150281252633e-07,
    2.447174185242324e-07,
    1e-05,
    9.755282581475769e-06,
    9.045084971874738e-06,
    7.938926261462366e-06,
    6.545084971874738e-06,
    5e-06,
    3.4549150281252635e-06,
    2.061073738537635e-06,
    9.549150281252633e-07,
    2.447174185242324e-07,
    1e-05,
    9.755282581475769e-06
  ]
}