{
  "train_loss": [
    1.730832250494706,
    1.591890733493002,
    1.4802250611154657,
    1.364426148565192,
    1.2885149560476605,
    1.22820750663155,
    1.1922352768872913,
    1.132578725877561,
    1.0970921437991292,
    1.0002877100517875,
    0.9819330212317015,
    0.9984347192864669,
    0.9560369739406988,
    0.9175341741034859,
    0.9586602935665532,
    0.9274772687962181,
    0.8470197680749392,
    0.8180284751088995,
    0.8342327695143851,
    0.7524600217216894,
    0.7487186836568933,
    0.7271475133142973,
    0.6849909213028456,
    0.6966758237073296,
    0.7328485179888574,
    0.6788853689243919,
    0.6348391598776767,
    0.5848307523288225,
    0.5580396165973261,
    0.5437786571289364,
    0.5149621641949603,
    0.49664823710918427,
    0.4924617731257489,
    0.5072982334776929,
    0.4965361458690543,
    0.4753436603044209,
    0.4401952514522954,
    0.3881855191368806,
    0.365872450565037,
    0.3432282295666243,
    0.3262935363148388,
    0.32650272822693777,
    0.2920862483350854,
    0.28407625187384455,
    0.28357752490984767,
    0.27499530934973765
  ],
  "val_loss": [
    1.7335436344146729,
    1.6631767511367799,
    1.601145124435425,
    1.549587082862854,
    1.5161319017410277,
    1.4888624906539918,
    1.4552059412002563,
    1.428760302066803,
    1.4146798849105835,
    1.373288357257843,
    1.369326114654541,
    1.356685495376587,
    1.3413661241531372,
    1.3460503697395325,
    1.3415099143981934,
    1.2869430184364319,
    1.252029299736023,
    1.211739218235016,
    1.1780546069145204,
    1.14634770154953,
    1.1197550773620606,
    1.10434592962265,
    1.0783562183380127,
    1.0716883778572082,
    1.0822695970535279,
    1.0215694189071656,
    0.9774465978145599,
    0.9103321313858033,
    0.8902466177940369,
    0.8534395813941955,
    0.8162360310554504,
    0.8050536930561065,
    0.797269344329834,
    0.7882633209228516,
    0.788889080286026,
    0.7224261820316314,
    0.6731263160705566,
    0.6144297897815705,
    0.5807422220706939,
    0.5525919020175933,
    0.5214223057031632,
    0.49796995520591736,
    0.501238539814949,
    0.48664564192295073,
    0.4942717790603638,
    0.4360699325799942
  ],
  "val_accuracy": [
    0.34057971014492755,
    0.43478260869565216,
    0.4927536231884058,
    0.5434782608695652,
    0.47101449275362317,
    0.47101449275362317,
    0.4927536231884058,
    0.4782608695652174,
    0.4420289855072464,
    0.4927536231884058,
    0.4782608695652174,
    0.4782608695652174,
    0.5072463768115942,
    0.5217391304347826,
    0.5,
    0.5652173913043478,
    0.6014492753623188,
    0.644927536231884,
    0.6739130434782609,
    0.7608695652173914,
    0.8043478260869565,
    0.8115942028985508,
    0.8623188405797102,
    0.9057971014492754,
    0.8333333333333334,
    0.8985507246376812,
    0.9347826086956522,
    0.9710144927536232,
    0.9710144927536232,
    0.9855072463768116,
    1.0,
    0.9782608695652174,
    0.9782608695652174,
    0.9927536231884058,
    0.9927536231884058,
    0.9855072463768116,
    1.0,
    0.9927536231884058,
    0.9927536231884058,
    0.9927536231884058,
    0.9855072463768116,
    0.9927536231884058,
    0.9927536231884058,
    0.9927536231884058,
    0.9927536231884058,
    0.9927536231884058
  ],
  "val_macro_f1": [
    0.34765338853513583,
    0.4377426794306681,
    0.5053440766762364,
    0.5629805306154796,
    0.4959923784328546,
    0.4988849064117881,
    0.5276523142820612,
    0.5061285305948687,
    0.46522836465365197,
    0.5173044900964813,
    0.5022392507449979,
    0.5074968198661579,
    0.542233560090703,
    0.5545438150316587,
    0.537512239250745,
    0.5960998481443733,
    0.6226470288970288,
    0.6572010125889436,
    0.6786113865061233,
    0.745980870980871,
    0.7739723239723241,
    0.7770913088845072,
    0.8237484737484738,
    0.8644934393771603,
    0.7917234655248354,
    0.8575680146411854,
    0.89927514346119,
    0.9606681734341308,
    0.9551516902376357,
    0.9851778656126481,
    1.0,
    0.9701928506276333,
    0.9701928506276333,
    0.9925925925925926,
    0.9834757834757836,
    0.9851778656126481,
    1.0,
    0.9925925925925926,
    0.9925925925925926,
    0.9925925925925926,
    0.9851778656126481,
    0.9925925925925926,
    0.9925925925925926,
    0.9925925925925926,
    0.9925925925925926,
    0.9925925925925926
  ],
  "val_weighted_f1": [
    0.3489790747642867,
    0.46424260233777853,
    0.543895228355067,
    0.6028858276952624,
    0.5413698692037201,
    0.5442314684951431,
    0.5679267565584296,
    0.5516267943125943,
    0.5090546657887989,
    0.5644801849019095,
    0.5518285301793547,
    0.553528205202194,
    0.5853642906437937,
    0.5958370461666048,
    0.5858000860680771,
    0.6462773393071874,
    0.669076042717347,
    0.7132182420694415,
    0.7437135596174498,
    0.8135526711613669,
    0.8407239298543646,
    0.8493454717604496,
    0.882834315443011,
    0.9176368042697668,
    0.8631373562135921,
    0.9106503912018227,
    0.9400118474941529,
    0.9706067393393942,
    0.9715593531481341,
    0.9854929254740218,
    1.0,
    0.9784782010679932,
    0.9784782010679932,
    0.9927536231884058,
    0.9929518146909452,
    0.9854929254740218,
    1.0,
    0.9927536231884058,
    0.9927536231884058,
    0.9927536231884058,
    0.9854929254740218,
    0.9927536231884058,
    0.9927536231884058,
    0.9927536231884058,
    0.9927536231884058,
    0.9927536231884058
  ],
  "lr": [
    0.0001,
    9.755282581475769e-05,
    9.045084971874738e-05,
    7.938926261462366e-05,
    6.545084971874738e-05,
    1e-05,
    9.755282581475769e-06,
    9.045084971874738e-06,
    7.938926261462366e-06,
    6.545084971874738e-06,
    5e-06,
    3.4549150281252635e-06,
    2.061073738537635e-06,
    9.549150281252633e-07,
    2.447174185242324e-07,
    1e-05,
    9.755282581475769e-06,
    9.045084971874738e-06,
    7.938926261462366e-06,
    6.545084971874738e-06,
    5e-06,
    3.4549150281252635e-06,
    2.061073738537635e-06,
    9.549150281252633e-07,
    2.447174185242324e-07,
    1e-05,
    9.755282581475769e-06,
    9.045084971874738e-06,
    7.938926261462366e-06,
    6.545084971874738e-06,
    5e-06,
    3.4549150281252635e-06,
    2.061073738537635e-06,
    9.549150281252633e-07,
    2.447174185242324e-07,
    1e-05,
    9.755282581475769e-06,
    9.045084971874738e-06,
    7.938926261462366e-06,
    6.545084971874738e-06,
    5e-06,
    3.4549150281252635e-06,
    2.061073738537635e-06,
    9.549150281252633e-07,
    2.447174185242324e-07,
    1e-05
  ]
}